Survived,Pclass,Sex,Age,SibSp,Parch,Fare,Log_Fare,Family_Size,Title_Master,Title_Miss,Title_Mr,Title_Mrs,Title_Rare,AgeCat_Adult,AgeCat_Child,AgeCat_Senior,AgeCat_Young,FamSize_Alone,FamSize_Large,FamSize_Medium,FamSize_Small,Emb_C,Emb_Q,Emb_S,PCS_pclass1 female,PCS_pclass1 male,PCS_pclass2 female,PCS_pclass2 male,PCS_pclass3 female,PCS_pclass3 male
0,3,0,22,1,0,7.25,2.1102132,2,0,0,1,0,0,0,0,0,1,0,0,0,1,0,0,1,0,0,0,0,0,1
1,1,1,38,1,0,71.2833,4.28059312,2,0,0,0,1,0,1,0,0,0,0,0,0,1,1,0,0,1,0,0,0,0,0
1,3,1,26,0,0,7.925,2.188856328,1,0,1,0,0,0,0,0,0,1,1,0,0,0,0,0,1,0,0,0,0,1,0
1,1,1,35,1,0,53.1,3.990834186,2,0,0,0,1,0,1,0,0,0,0,0,0,1,0,0,1,1,0,0,0,0,0
0,3,0,35,0,0,8.05,2.202764758,1,0,0,1,0,0,1,0,0,0,1,0,0,0,0,0,1,0,0,0,0,0,1
0,3,0,25,0,0,8.4583,2.246892663,1,0,0,1,0,0,0,0,0,1,1,0,0,0,0,1,0,0,0,0,0,0,1
0,1,0,54,0,0,51.8625,3.967694203,1,0,0,1,0,0,0,0,1,0,1,0,0,0,0,0,1,0,1,0,0,0,0
0,3,0,2,3,1,21.075,3.094445746,5,1,0,0,0,0,0,1,0,0,0,0,1,0,0,0,1,0,0,0,0,0,1
1,3,1,27,0,2,11.1333,2.495953739,3,0,0,0,1,0,0,0,0,1,0,0,0,1,0,0,1,0,0,0,0,1,0
1,2,1,14,1,0,30.0708,3.436268471,2,0,0,0,1,0,0,1,0,0,0,0,0,1,1,0,0,0,0,1,0,0,0
1,3,1,4,1,1,16.7,2.87356464,3,0,1,0,0,0,0,1,0,0,0,0,0,1,0,0,1,0,0,0,0,1,0
1,1,1,58,0,0,26.55,3.316002536,1,0,1,0,0,0,0,0,1,0,1,0,0,0,0,0,1,1,0,0,0,0,0
0,3,0,20,0,0,8.05,2.202764758,1,0,0,1,0,0,0,0,0,1,1,0,0,0,0,0,1,0,0,0,0,0,1
0,3,0,39,1,5,31.275,3.474292937,7,0,0,1,0,0,1,0,0,0,0,0,1,0,0,0,1,0,0,0,0,0,1
0,3,1,14,0,0,7.8542,2.180891923,1,0,1,0,0,0,0,1,0,0,1,0,0,0,0,0,1,0,0,0,0,1,0
1,2,1,55,0,0,16,2.833213344,1,0,0,0,1,0,0,0,1,0,1,0,0,0,0,0,1,0,0,1,0,0,0
0,3,0,2,4,1,29.125,3.405355392,6,1,0,0,0,0,0,1,0,0,0,0,1,0,0,1,0,0,0,0,0,0,1
1,2,0,30,0,0,13,2.63905733,1,0,0,1,0,0,1,0,0,0,1,0,0,0,0,0,1,0,0,0,1,0,0
0,3,1,31,1,0,18,2.944438979,2,0,0,0,1,0,1,0,0,0,0,0,0,1,0,0,1,0,0,0,0,1,0
1,3,1,21.5,0,0,7.225,2.107178297,1,0,0,0,1,0,0,0,0,1,1,0,0,0,1,0,0,0,0,0,0,1,0
0,2,0,35,0,0,26,3.295836866,1,0,0,1,0,0,1,0,0,0,1,0,0,0,0,0,1,0,0,0,1,0,0
1,2,0,34,0,0,13,2.63905733,1,0,0,1,0,0,1,0,0,0,1,0,0,0,0,0,1,0,0,0,1,0,0
1,3,1,15,0,0,8.0292,2.20046377,1,0,1,0,0,0,0,1,0,0,1,0,0,0,0,1,0,0,0,0,0,1,0
1,1,0,28,0,0,35.5,3.597312261,1,0,0,1,0,0,0,0,0,1,1,0,0,0,0,0,1,0,1,0,0,0,0
0,3,1,8,3,1,21.075,3.094445746,5,0,1,0,0,0,0,1,0,0,0,0,1,0,0,0,1,0,0,0,0,1,0
1,3,1,38,1,5,31.3875,3.477772546,7,0,0,0,1,0,1,0,0,0,0,0,1,0,0,0,1,0,0,0,0,1,0
0,3,0,25,0,0,7.225,2.107178297,1,0,0,1,0,0,0,0,0,1,1,0,0,0,1,0,0,0,0,0,0,0,1
0,1,0,19,3,2,263,5.575949103,6,0,0,1,0,0,0,0,0,1,0,0,1,0,0,0,1,0,1,0,0,0,0
1,3,1,21.5,0,0,7.8792,2.183711463,1,0,1,0,0,0,0,0,0,1,1,0,0,0,0,1,0,0,0,0,0,1,0
0,3,0,25,0,0,7.8958,2.185579255,1,0,0,1,0,0,0,0,0,1,1,0,0,0,0,0,1,0,0,0,0,0,1
0,1,0,40,0,0,27.7208,3.357621599,1,0,0,0,0,1,0,0,1,0,1,0,0,0,1,0,0,0,1,0,0,0,0
1,1,1,35,1,0,146.5208,4.993969183,2,0,0,0,1,0,1,0,0,0,0,0,0,1,1,0,0,1,0,0,0,0,0
1,3,1,21.5,0,0,7.75,2.1690537,1,0,1,0,0,0,0,0,0,1,1,0,0,0,0,1,0,0,0,0,0,1,0
0,2,0,66,0,0,10.5,2.442347035,1,0,0,1,0,0,0,0,1,0,1,0,0,0,0,0,1,0,0,0,1,0,0
0,1,0,28,1,0,82.1708,4.420896325,2,0,0,1,0,0,0,0,0,1,0,0,0,1,1,0,0,0,1,0,0,0,0
0,1,0,42,1,0,52,3.970291914,2,0,0,1,0,0,0,0,1,0,0,0,0,1,0,0,1,0,1,0,0,0,0
1,3,0,25,0,0,7.2292,2.107688805,1,0,0,1,0,0,0,0,0,1,1,0,0,0,1,0,0,0,0,0,0,0,1
0,3,0,21,0,0,8.05,2.202764758,1,0,0,1,0,0,0,0,0,1,1,0,0,0,0,0,1,0,0,0,0,0,1
0,3,1,18,2,0,18,2.944438979,3,0,1,0,0,0,0,0,0,1,0,0,0,1,0,0,1,0,0,0,0,1,0
1,3,1,14,1,0,11.2417,2.504848156,2,0,1,0,0,0,0,1,0,0,0,0,0,1,1,0,0,0,0,0,0,1,0
0,3,1,40,1,0,9.475,2.348991466,2,0,0,0,1,0,0,0,1,0,0,0,0,1,0,0,1,0,0,0,0,1,0
0,2,1,27,1,0,21,3.091042453,2,0,0,0,1,0,0,0,0,1,0,0,0,1,0,0,1,0,0,1,0,0,0
0,3,0,25,0,0,7.8958,2.185579255,1,0,0,1,0,0,0,0,0,1,1,0,0,0,1,0,0,0,0,0,0,0,1
1,2,1,3,1,2,41.5792,3.751365871,4,0,1,0,0,0,0,1,0,0,0,0,0,1,1,0,0,0,0,1,0,0,0
1,3,1,19,0,0,7.8792,2.183711463,1,0,1,0,0,0,0,0,0,1,1,0,0,0,0,1,0,0,0,0,0,1,0
0,3,0,25,0,0,8.05,2.202764758,1,0,0,1,0,0,0,0,0,1,1,0,0,0,0,0,1,0,0,0,0,0,1
0,3,0,25,1,0,15.5,2.803360381,2,0,0,1,0,0,0,0,0,1,0,0,0,1,0,1,0,0,0,0,0,0,1
1,3,1,21.5,0,0,7.75,2.1690537,1,0,1,0,0,0,0,0,0,1,1,0,0,0,0,1,0,0,0,0,0,1,0
0,3,0,25,2,0,21.6792,3.121448205,3,0,0,1,0,0,0,0,0,1,0,0,0,1,1,0,0,0,0,0,0,0,1
0,3,1,18,1,0,17.8,2.93385687,2,0,0,0,1,0,0,0,0,1,0,0,0,1,0,0,1,0,0,0,0,1,0
0,3,0,7,4,1,39.6875,3.70592092,6,1,0,0,0,0,0,1,0,0,0,0,1,0,0,0,1,0,0,0,0,0,1
0,3,0,21,0,0,7.8,2.174751721,1,0,0,1,0,0,0,0,0,1,1,0,0,0,0,0,1,0,0,0,0,0,1
1,1,1,49,1,0,76.7292,4.353230991,2,0,0,0,1,0,0,0,1,0,0,0,0,1,1,0,0,1,0,0,0,0,0
1,2,1,29,1,0,26,3.295836866,2,0,0,0,1,0,0,0,0,1,0,0,0,1,0,0,1,0,0,1,0,0,0
0,1,0,65,0,1,61.9792,4.142804513,2,0,0,1,0,0,0,0,1,0,0,0,0,1,1,0,0,0,1,0,0,0,0
1,1,0,40,0,0,35.5,3.597312261,1,0,0,1,0,0,0,0,1,0,1,0,0,0,0,0,1,0,1,0,0,0,0
1,2,1,21,0,0,10.5,2.442347035,1,0,1,0,0,0,0,0,0,1,1,0,0,0,0,0,1,0,0,1,0,0,0
0,3,0,28.5,0,0,7.2292,2.107688805,1,0,0,1,0,0,0,0,0,1,1,0,0,0,1,0,0,0,0,0,0,0,1
1,2,1,5,1,2,27.75,3.358637767,4,0,1,0,0,0,0,1,0,0,0,0,0,1,0,0,1,0,0,1,0,0,0
0,3,0,11,5,2,46.9,3.869115504,8,1,0,0,0,0,0,1,0,0,0,1,0,0,0,0,1,0,0,0,0,0,1
0,3,0,22,0,0,7.2292,2.107688805,1,0,0,1,0,0,0,0,0,1,1,0,0,0,1,0,0,0,0,0,0,0,1
1,1,1,38,0,0,80,4.394449155,1,0,1,0,0,0,1,0,0,0,1,0,0,0,0,0,1,1,0,0,0,0,0
0,1,0,45,1,0,83.475,4.436455633,2,0,0,1,0,0,0,0,1,0,0,0,0,1,0,0,1,0,1,0,0,0,0
0,3,0,4,3,2,27.9,3.363841595,6,1,0,0,0,0,0,1,0,0,0,0,1,0,0,0,1,0,0,0,0,0,1
0,1,0,40,0,0,27.7208,3.357621599,1,0,0,1,0,0,0,0,1,0,1,0,0,0,1,0,0,0,1,0,0,0,0
1,3,0,25,1,1,15.2458,2.787834414,3,1,0,0,0,0,0,0,0,1,0,0,0,1,1,0,0,0,0,0,0,0,1
1,2,1,29,0,0,10.5,2.442347035,1,0,0,0,1,0,0,0,0,1,1,0,0,0,0,0,1,0,0,1,0,0,0
0,3,0,19,0,0,8.1583,2.214660572,1,0,0,1,0,0,0,0,0,1,1,0,0,0,0,0,1,0,0,0,0,0,1
1,3,1,17,4,2,7.925,2.188856328,7,0,1,0,0,0,0,1,0,0,0,0,1,0,0,0,1,0,0,0,0,1,0
0,3,0,26,2,0,8.6625,2.268252414,3,0,0,1,0,0,0,0,0,1,0,0,0,1,0,0,1,0,0,0,0,0,1
0,2,0,32,0,0,10.5,2.442347035,1,0,0,1,0,0,1,0,0,0,1,0,0,0,0,0,1,0,0,0,1,0,0
0,3,1,16,5,2,46.9,3.869115504,8,0,1,0,0,0,0,1,0,0,0,1,0,0,0,0,1,0,0,0,0,1,0
0,2,0,21,0,0,73.5,4.310799125,1,0,0,1,0,0,0,0,0,1,1,0,0,0,0,0,1,0,0,0,1,0,0
0,3,0,26,1,0,14.4542,2.737880811,2,0,0,1,0,0,0,0,0,1,0,0,0,1,1,0,0,0,0,0,0,0,1
1,3,0,32,0,0,56.4958,4.051711902,1,0,0,1,0,0,1,0,0,0,1,0,0,0,0,0,1,0,0,0,0,0,1
0,3,0,25,0,0,7.65,2.157559321,1,0,0,1,0,0,0,0,0,1,1,0,0,0,0,0,1,0,0,0,0,0,1
0,3,0,25,0,0,7.8958,2.185579255,1,0,0,1,0,0,0,0,0,1,1,0,0,0,0,0,1,0,0,0,0,0,1
0,3,0,25,0,0,8.05,2.202764758,1,0,0,1,0,0,0,0,0,1,1,0,0,0,0,0,1,0,0,0,0,0,1
1,2,0,0.83,0,2,29,3.401197382,3,1,0,0,0,0,0,1,0,0,0,0,0,1,0,0,1,0,0,0,1,0,0
1,3,1,30,0,0,12.475,2.600836117,1,0,1,0,0,0,1,0,0,0,1,0,0,0,0,0,1,0,0,0,0,1,0
0,3,0,22,0,0,9,2.302585093,1,0,0,1,0,0,0,0,0,1,1,0,0,0,0,0,1,0,0,0,0,0,1
1,3,0,29,0,0,9.5,2.351375257,1,0,0,1,0,0,0,0,0,1,1,0,0,0,0,0,1,0,0,0,0,0,1
1,3,1,21.5,0,0,7.7875,2.173330257,1,0,1,0,0,0,0,0,0,1,1,0,0,0,0,1,0,0,0,0,0,1,0
0,1,0,28,0,0,47.1,3.873282177,1,0,0,1,0,0,0,0,0,1,1,0,0,0,0,0,1,0,1,0,0,0,0
1,2,1,17,0,0,10.5,2.442347035,1,0,1,0,0,0,0,1,0,0,1,0,0,0,0,0,1,0,0,1,0,0,0
1,3,1,33,3,0,15.85,2.824350657,4,0,0,0,1,0,1,0,0,0,0,0,0,1,0,0,1,0,0,0,0,1,0
0,3,0,16,1,3,34.375,3.566005356,5,0,0,1,0,0,0,1,0,0,0,0,1,0,0,0,1,0,0,0,0,0,1
0,3,0,25,0,0,8.05,2.202764758,1,0,0,1,0,0,0,0,0,1,1,0,0,0,0,0,1,0,0,0,0,0,1
1,1,1,23,3,2,263,5.575949103,6,0,1,0,0,0,0,0,0,1,0,0,1,0,0,0,1,1,0,0,0,0,0
0,3,0,24,0,0,8.05,2.202764758,1,0,0,1,0,0,0,0,0,1,1,0,0,0,0,0,1,0,0,0,0,0,1
0,3,0,29,0,0,8.05,2.202764758,1,0,0,1,0,0,0,0,0,1,1,0,0,0,0,0,1,0,0,0,0,0,1
0,3,0,20,0,0,7.8542,2.180891923,1,0,0,1,0,0,0,0,0,1,1,0,0,0,0,0,1,0,0,0,0,0,1
0,1,0,46,1,0,61.175,4.12995299,2,0,0,1,0,0,0,0,1,0,0,0,0,1,0,0,1,0,1,0,0,0,0
0,3,0,26,1,2,20.575,3.071535237,4,0,0,1,0,0,0,0,0,1,0,0,0,1,0,0,1,0,0,0,0,0,1
0,3,0,59,0,0,7.25,2.1102132,1,0,0,1,0,0,0,0,1,0,1,0,0,0,0,0,1,0,0,0,0,0,1
0,3,0,25,0,0,8.05,2.202764758,1,0,0,1,0,0,0,0,0,1,1,0,0,0,0,0,1,0,0,0,0,0,1
0,1,0,71,0,0,34.6542,3.573866952,1,0,0,1,0,0,0,0,1,0,1,0,0,0,1,0,0,0,1,0,0,0,0
1,1,0,23,0,1,63.3583,4.164465908,2,0,0,1,0,0,0,0,0,1,0,0,0,1,1,0,0,0,1,0,0,0,0
1,2,1,34,0,1,23,3.17805383,2,0,0,0,1,0,1,0,0,0,0,0,0,1,0,0,1,0,0,1,0,0,0
0,2,0,34,1,0,26,3.295836866,2,0,0,1,0,0,1,0,0,0,0,0,0,1,0,0,1,0,0,0,1,0,0
0,3,1,28,0,0,7.8958,2.185579255,1,0,1,0,0,0,0,0,0,1,1,0,0,0,0,0,1,0,0,0,0,1,0
0,3,0,25,0,0,7.8958,2.185579255,1,0,0,1,0,0,0,0,0,1,1,0,0,0,0,0,1,0,0,0,0,0,1
0,1,0,21,0,1,77.2875,4.360387948,2,0,0,1,0,0,0,0,0,1,0,0,0,1,0,0,1,0,1,0,0,0,0
0,3,0,33,0,0,8.6542,2.267393054,1,0,0,1,0,0,1,0,0,0,1,0,0,0,0,0,1,0,0,0,0,0,1
0,3,0,37,2,0,7.925,2.188856328,3,0,0,1,0,0,1,0,0,0,0,0,0,1,0,0,1,0,0,0,0,0,1
0,3,0,28,0,0,7.8958,2.185579255,1,0,0,1,0,0,0,0,0,1,1,0,0,0,0,0,1,0,0,0,0,0,1
1,3,1,21,0,0,7.65,2.157559321,1,0,1,0,0,0,0,0,0,1,1,0,0,0,0,0,1,0,0,0,0,1,0
1,3,0,25,0,0,7.775,2.171906769,1,0,0,1,0,0,0,0,0,1,1,0,0,0,0,0,1,0,0,0,0,0,1
0,3,0,38,0,0,7.8958,2.185579255,1,0,0,1,0,0,1,0,0,0,1,0,0,0,0,0,1,0,0,0,0,0,1
1,3,1,21.5,1,0,24.15,3.224857897,2,0,1,0,0,0,0,0,0,1,0,0,0,1,0,1,0,0,0,0,0,1,0
0,1,0,47,0,0,52,3.970291914,1,0,0,1,0,0,0,0,1,0,1,0,0,0,0,0,1,0,1,0,0,0,0
0,3,1,14.5,1,0,14.4542,2.737880811,2,0,1,0,0,0,0,1,0,0,0,0,0,1,1,0,0,0,0,0,0,1,0
0,3,0,22,0,0,8.05,2.202764758,1,0,0,1,0,0,0,0,0,1,1,0,0,0,0,0,1,0,0,0,0,0,1
0,3,1,20,1,0,9.825,2.381858274,2,0,1,0,0,0,0,0,0,1,0,0,0,1,0,0,1,0,0,0,0,1,0
0,3,1,17,0,0,14.4583,2.738146076,1,0,1,0,0,0,0,1,0,0,1,0,0,0,1,0,0,0,0,0,0,1,0
0,3,0,21,0,0,7.925,2.188856328,1,0,0,1,0,0,0,0,0,1,1,0,0,0,0,0,1,0,0,0,0,0,1
0,3,0,70.5,0,0,7.75,2.1690537,1,0,0,1,0,0,0,0,1,0,1,0,0,0,0,1,0,0,0,0,0,0,1
0,2,0,29,1,0,21,3.091042453,2,0,0,1,0,0,0,0,0,1,0,0,0,1,0,0,1,0,0,0,1,0,0
0,1,0,24,0,1,247.5208,5.515526544,2,0,0,1,0,0,0,0,0,1,0,0,0,1,1,0,0,0,1,0,0,0,0
0,3,1,2,4,2,31.275,3.474292937,7,0,1,0,0,0,0,1,0,0,0,0,1,0,0,0,1,0,0,0,0,1,0
0,2,0,21,2,0,73.5,4.310799125,3,0,0,1,0,0,0,0,0,1,0,0,0,1,0,0,1,0,0,0,1,0,0
0,3,0,25,0,0,8.05,2.202764758,1,0,0,1,0,0,0,0,0,1,1,0,0,0,0,0,1,0,0,0,0,0,1
0,2,0,32.5,1,0,30.0708,3.436268471,2,0,0,1,0,0,1,0,0,0,0,0,0,1,1,0,0,0,0,0,1,0,0
1,2,1,32.5,0,0,13,2.63905733,1,0,1,0,0,0,1,0,0,0,1,0,0,0,0,0,1,0,0,1,0,0,0
0,1,0,54,0,1,77.2875,4.360387948,2,0,0,1,0,0,0,0,1,0,0,0,0,1,0,0,1,0,1,0,0,0,0
1,3,0,12,1,0,11.2417,2.504848156,2,1,0,0,0,0,0,1,0,0,0,0,0,1,1,0,0,0,0,0,0,0,1
0,3,0,25,0,0,7.75,2.1690537,1,0,0,1,0,0,0,0,0,1,1,0,0,0,0,1,0,0,0,0,0,0,1
1,3,0,24,0,0,7.1417,2.096999003,1,0,0,1,0,0,0,0,0,1,1,0,0,0,0,0,1,0,0,0,0,0,1
1,3,1,21.5,1,1,22.3583,3.150952381,3,0,1,0,0,0,0,0,0,1,0,0,0,1,1,0,0,0,0,0,0,1,0
0,3,0,45,0,0,6.975,2.076311649,1,0,0,1,0,0,0,0,1,0,1,0,0,0,0,0,1,0,0,0,0,0,1
0,3,0,33,0,0,7.8958,2.185579255,1,0,0,1,0,0,1,0,0,0,1,0,0,0,1,0,0,0,0,0,0,0,1
0,3,0,20,0,0,7.05,2.085672091,1,0,0,1,0,0,0,0,0,1,1,0,0,0,0,0,1,0,0,0,0,0,1
0,3,1,47,1,0,14.5,2.740840024,2,0,0,0,1,0,0,0,1,0,0,0,0,1,0,0,1,0,0,0,0,1,0
1,2,1,29,1,0,26,3.295836866,2,0,0,0,1,0,0,0,0,1,0,0,0,1,0,0,1,0,0,1,0,0,0
0,2,0,25,0,0,13,2.63905733,1,0,0,1,0,0,0,0,0,1,1,0,0,0,0,0,1,0,0,0,1,0,0
0,2,0,23,0,0,15.0458,2.775447133,1,0,0,1,0,0,0,0,0,1,1,0,0,0,1,0,0,0,0,0,1,0,0
1,1,1,19,0,2,26.2833,3.306274793,3,0,1,0,0,0,0,0,0,1,0,0,0,1,0,0,1,1,0,0,0,0,0
0,1,0,37,1,0,53.1,3.990834186,2,0,0,1,0,0,1,0,0,0,0,0,0,1,0,0,1,0,1,0,0,0,0
0,3,0,16,0,0,9.2167,2.324023636,1,0,0,1,0,0,0,1,0,0,1,0,0,0,0,0,1,0,0,0,0,0,1
0,1,0,24,0,0,79.2,4.384523515,1,0,0,1,0,0,0,0,0,1,1,0,0,0,1,0,0,0,1,0,0,0,0
0,3,1,21.5,0,2,15.2458,2.787834414,3,0,0,0,1,0,0,0,0,1,0,0,0,1,1,0,0,0,0,0,0,1,0
1,3,1,22,0,0,7.75,2.1690537,1,0,1,0,0,0,0,0,0,1,1,0,0,0,0,0,1,0,0,0,0,1,0
1,3,1,24,1,0,15.85,2.824350657,2,0,0,0,1,0,0,0,0,1,0,0,0,1,0,0,1,0,0,0,0,1,0
0,3,0,19,0,0,6.75,2.047692843,1,0,0,1,0,0,0,0,0,1,1,0,0,0,0,1,0,0,0,0,0,0,1
0,2,0,18,0,0,11.5,2.525728644,1,0,0,1,0,0,0,0,0,1,1,0,0,0,0,0,1,0,0,0,1,0,0
0,2,0,19,1,1,36.75,3.630985476,3,0,0,1,0,0,0,0,0,1,0,0,0,1,0,0,1,0,0,0,1,0,0
1,3,0,27,0,0,7.7958,2.174274335,1,0,0,1,0,0,0,0,0,1,1,0,0,0,0,0,1,0,0,0,0,0,1
0,3,1,9,2,2,34.375,3.566005356,5,0,1,0,0,0,0,1,0,0,0,0,1,0,0,0,1,0,0,0,0,1,0
0,2,0,36.5,0,2,26,3.295836866,3,0,0,1,0,0,1,0,0,0,0,0,0,1,0,0,1,0,0,0,1,0,0
0,2,0,42,0,0,13,2.63905733,1,0,0,0,0,1,0,0,1,0,1,0,0,0,0,0,1,0,0,0,1,0,0
0,2,0,51,0,0,12.525,2.604539825,1,0,0,0,0,1,0,0,1,0,1,0,0,0,0,0,1,0,0,0,1,0,0
1,1,1,22,1,0,66.6,4.213607983,2,0,0,0,1,0,0,0,0,1,0,0,0,1,0,0,1,1,0,0,0,0,0
0,3,0,55.5,0,0,8.05,2.202764758,1,0,0,1,0,0,0,0,1,0,1,0,0,0,0,0,1,0,0,0,0,0,1
0,3,0,40.5,0,2,14.5,2.740840024,3,0,0,1,0,0,0,0,1,0,0,0,0,1,0,0,1,0,0,0,0,0,1
0,3,0,25,0,0,7.3125,2.117760406,1,0,0,1,0,0,0,0,0,1,1,0,0,0,0,0,1,0,0,0,0,0,1
0,1,0,51,0,1,61.3792,4.133231886,2,0,0,1,0,0,0,0,1,0,0,0,0,1,1,0,0,0,1,0,0,0,0
1,3,1,16,0,0,7.7333,2.167143305,1,0,1,0,0,0,0,1,0,0,1,0,0,0,0,1,0,0,0,0,0,1,0
0,3,0,30,0,0,8.05,2.202764758,1,0,0,1,0,0,1,0,0,0,1,0,0,0,0,0,1,0,0,0,0,0,1
0,3,0,25,0,0,8.6625,2.268252414,1,0,0,1,0,0,0,0,0,1,1,0,0,0,0,0,1,0,0,0,0,0,1
0,3,0,25,8,2,69.55,4.256321678,11,1,0,0,0,0,0,0,0,1,0,1,0,0,0,0,1,0,0,0,0,0,1
0,3,0,44,0,1,16.1,2.839078464,2,0,0,1,0,0,0,0,1,0,0,0,0,1,0,0,1,0,0,0,0,0,1
1,2,1,40,0,0,15.75,2.818398258,1,0,0,0,1,0,0,0,1,0,1,0,0,0,0,0,1,0,0,1,0,0,0
0,3,0,26,0,0,7.775,2.171906769,1,0,0,1,0,0,0,0,0,1,1,0,0,0,0,0,1,0,0,0,0,0,1
0,3,0,17,0,0,8.6625,2.268252414,1,0,0,1,0,0,0,1,0,0,1,0,0,0,0,0,1,0,0,0,0,0,1
0,3,0,1,4,1,39.6875,3.70592092,6,1,0,0,0,0,0,1,0,0,0,0,1,0,0,0,1,0,0,0,0,0,1
1,3,0,9,0,2,20.525,3.06921505,3,1,0,0,0,0,0,1,0,0,0,0,0,1,0,0,1,0,0,0,0,0,1
1,1,1,35,0,1,55,4.025351691,2,0,0,0,1,0,1,0,0,0,0,0,0,1,0,0,1,1,0,0,0,0,0
0,3,1,45,1,4,27.9,3.363841595,6,0,0,0,1,0,0,0,1,0,0,0,1,0,0,0,1,0,0,0,0,1,0
0,1,0,40,0,0,25.925,3.293055223,1,0,0,1,0,0,0,0,1,0,1,0,0,0,0,0,1,0,1,0,0,0,0
0,3,0,28,0,0,56.4958,4.051711902,1,0,0,1,0,0,0,0,0,1,1,0,0,0,0,0,1,0,0,0,0,0,1
0,1,0,61,0,0,33.5,3.540959324,1,0,0,1,0,0,0,0,1,0,1,0,0,0,0,0,1,0,1,0,0,0,0
0,3,0,4,4,1,29.125,3.405355392,6,1,0,0,0,0,0,1,0,0,0,0,1,0,0,1,0,0,0,0,0,0,1
1,3,1,1,1,1,11.1333,2.495953739,3,0,1,0,0,0,0,1,0,0,0,0,0,1,0,0,1,0,0,0,0,1,0
0,3,0,21,0,0,7.925,2.188856328,1,0,0,1,0,0,0,0,0,1,1,0,0,0,0,0,1,0,0,0,0,0,1
0,1,0,56,0,0,30.6958,3.45618418,1,0,0,1,0,0,0,0,1,0,1,0,0,0,1,0,0,0,1,0,0,0,0
0,3,0,18,1,1,7.8542,2.180891923,3,0,0,1,0,0,0,0,0,1,0,0,0,1,0,0,1,0,0,0,0,0,1
0,3,0,25,3,1,25.4667,3.275887339,5,1,0,0,0,0,0,0,0,1,0,0,1,0,0,0,1,0,0,0,0,0,1
0,1,1,50,0,0,28.7125,3.391567833,1,0,1,0,0,0,0,0,1,0,1,0,0,0,1,0,0,1,0,0,0,0,0
0,2,0,30,0,0,13,2.63905733,1,0,0,1,0,0,1,0,0,0,1,0,0,0,0,0,1,0,0,0,1,0,0
0,3,0,36,0,0,0,0,1,0,0,1,0,0,1,0,0,0,1,0,0,0,0,0,1,0,0,0,0,0,1
0,3,1,21.5,8,2,69.55,4.256321678,11,0,1,0,0,0,0,0,0,1,0,1,0,0,0,0,1,0,0,0,0,1,0
0,2,0,30,0,0,15.05,2.77570885,1,0,0,1,0,0,1,0,0,0,1,0,0,0,1,0,0,0,0,0,1,0,0
0,3,0,9,4,2,31.3875,3.477772546,7,1,0,0,0,0,0,1,0,0,0,0,1,0,0,0,1,0,0,0,0,0,1
1,2,0,1,2,1,39,3.688879454,4,1,0,0,0,0,0,1,0,0,0,0,0,1,0,0,1,0,0,0,1,0,0
1,3,1,4,0,2,22.025,3.136580582,3,0,1,0,0,0,0,1,0,0,0,0,0,1,0,0,1,0,0,0,0,1,0
0,1,0,40,0,0,50,3.931825633,1,0,0,1,0,0,0,0,1,0,1,0,0,0,0,0,1,0,1,0,0,0,0
1,3,1,21.5,1,0,15.5,2.803360381,2,0,0,0,1,0,0,0,0,1,0,0,0,1,0,1,0,0,0,0,0,1,0
1,1,0,45,0,0,26.55,3.316002536,1,0,0,1,0,0,0,0,1,0,1,0,0,0,0,0,1,0,1,0,0,0,0
0,3,0,40,1,1,15.5,2.803360381,3,0,0,1,0,0,0,0,1,0,0,0,0,1,0,1,0,0,0,0,0,0,1
0,3,0,36,0,0,7.8958,2.185579255,1,0,0,1,0,0,1,0,0,0,1,0,0,0,0,0,1,0,0,0,0,0,1
1,2,1,32,0,0,13,2.63905733,1,0,0,0,1,0,1,0,0,0,1,0,0,0,0,0,1,0,0,1,0,0,0
0,2,0,19,0,0,13,2.63905733,1,0,0,1,0,0,0,0,0,1,1,0,0,0,0,0,1,0,0,0,1,0,0
1,3,1,19,1,0,7.8542,2.180891923,2,0,1,0,0,0,0,0,0,1,0,0,0,1,0,0,1,0,0,0,0,1,0
1,2,0,3,1,1,26,3.295836866,3,1,0,0,0,0,0,1,0,0,0,0,0,1,0,0,1,0,0,0,1,0,0
1,1,1,44,0,0,27.7208,3.357621599,1,0,0,0,1,0,0,0,1,0,1,0,0,0,1,0,0,1,0,0,0,0,0
1,1,1,58,0,0,146.5208,4.993969183,1,0,1,0,0,0,0,0,1,0,1,0,0,0,1,0,0,1,0,0,0,0,0
0,3,0,25,0,0,7.75,2.1690537,1,0,0,1,0,0,0,0,0,1,1,0,0,0,0,1,0,0,0,0,0,0,1
0,3,0,42,0,1,8.4042,2.241156398,2,0,0,1,0,0,0,0,1,0,0,0,0,1,0,0,1,0,0,0,0,0,1
1,3,1,21.5,0,0,7.75,2.1690537,1,0,1,0,0,0,0,0,0,1,1,0,0,0,0,1,0,0,0,0,0,1,0
0,2,1,24,0,0,13,2.63905733,1,0,1,0,0,0,0,0,0,1,1,0,0,0,0,0,1,0,0,1,0,0,0
0,3,0,28,0,0,9.5,2.351375257,1,0,0,1,0,0,0,0,0,1,1,0,0,0,0,0,1,0,0,0,0,0,1
0,3,0,25,8,2,69.55,4.256321678,11,0,0,1,0,0,0,0,0,1,0,1,0,0,0,0,1,0,0,0,0,0,1
0,3,0,34,0,0,6.4958,2.014342864,1,0,0,1,0,0,1,0,0,0,1,0,0,0,0,0,1,0,0,0,0,0,1
0,3,0,45.5,0,0,7.225,2.107178297,1,0,0,1,0,0,0,0,1,0,1,0,0,0,1,0,0,0,0,0,0,0,1
1,3,0,18,0,0,8.05,2.202764758,1,0,0,1,0,0,0,0,0,1,1,0,0,0,0,0,1,0,0,0,0,0,1
0,3,1,2,0,1,10.4625,2.439080838,2,0,1,0,0,0,0,1,0,0,0,0,0,1,0,0,1,0,0,0,0,1,0
0,3,0,32,1,0,15.85,2.824350657,2,0,0,1,0,0,1,0,0,0,0,0,0,1,0,0,1,0,0,0,0,0,1
1,3,0,26,0,0,18.7875,2.985050425,1,0,0,1,0,0,0,0,0,1,1,0,0,0,1,0,0,0,0,0,0,0,1
1,3,1,16,0,0,7.75,2.1690537,1,0,1,0,0,0,0,1,0,0,1,0,0,0,0,1,0,0,0,0,0,1,0
1,1,0,40,0,0,31,3.465735903,1,0,0,1,0,0,0,0,1,0,1,0,0,0,1,0,0,0,1,0,0,0,0
0,3,0,24,0,0,7.05,2.085672091,1,0,0,1,0,0,0,0,0,1,1,0,0,0,0,0,1,0,0,0,0,0,1
1,2,1,35,0,0,21,3.091042453,1,0,1,0,0,0,1,0,0,0,1,0,0,0,0,0,1,0,0,1,0,0,0
0,3,0,22,0,0,7.25,2.1102132,1,0,0,1,0,0,0,0,0,1,1,0,0,0,0,0,1,0,0,0,0,0,1
0,2,0,30,0,0,13,2.63905733,1,0,0,1,0,0,1,0,0,0,1,0,0,0,0,0,1,0,0,0,1,0,0
0,3,0,25,1,0,7.75,2.1690537,2,0,0,1,0,0,0,0,0,1,0,0,0,1,0,1,0,0,0,0,0,0,1
1,1,1,31,1,0,113.275,4.738607824,2,0,1,0,0,0,1,0,0,0,0,0,0,1,1,0,0,1,0,0,0,0,0
1,3,1,27,0,0,7.925,2.188856328,1,0,1,0,0,0,0,0,0,1,1,0,0,0,0,0,1,0,0,0,0,1,0
0,2,0,42,1,0,27,3.33220451,2,0,0,1,0,0,0,0,1,0,0,0,0,1,0,0,1,0,0,0,1,0,0
1,1,1,32,0,0,76.2917,4.347586576,1,0,1,0,0,0,1,0,0,0,1,0,0,0,1,0,0,1,0,0,0,0,0
0,2,0,30,0,0,10.5,2.442347035,1,0,0,1,0,0,1,0,0,0,1,0,0,0,0,0,1,0,0,0,1,0,0
1,3,0,16,0,0,8.05,2.202764758,1,0,0,1,0,0,0,1,0,0,1,0,0,0,0,0,1,0,0,0,0,0,1
0,2,0,27,0,0,13,2.63905733,1,0,0,1,0,0,0,0,0,1,1,0,0,0,0,0,1,0,0,0,1,0,0
0,3,0,51,0,0,8.05,2.202764758,1,0,0,1,0,0,0,0,1,0,1,0,0,0,0,0,1,0,0,0,0,0,1
0,3,0,25,0,0,7.8958,2.185579255,1,0,0,1,0,0,0,0,0,1,1,0,0,0,0,0,1,0,0,0,0,0,1
1,1,0,38,1,0,90,4.510859507,2,0,0,1,0,0,1,0,0,0,0,0,0,1,0,0,1,0,1,0,0,0,0
0,3,0,22,0,0,9.35,2.33698652,1,0,0,1,0,0,0,0,0,1,1,0,0,0,0,0,1,0,0,0,0,0,1
1,2,0,19,0,0,10.5,2.442347035,1,0,0,1,0,0,0,0,0,1,1,0,0,0,0,0,1,0,0,0,1,0,0
0,3,0,20.5,0,0,7.25,2.1102132,1,0,0,1,0,0,0,0,0,1,1,0,0,0,0,0,1,0,0,0,0,0,1
0,2,0,18,0,0,13,2.63905733,1,0,0,1,0,0,0,0,0,1,1,0,0,0,0,0,1,0,0,0,1,0,0
0,3,1,21.5,3,1,25.4667,3.275887339,5,0,1,0,0,0,0,0,0,1,0,0,1,0,0,0,1,0,0,0,0,1,0
1,1,1,35,1,0,83.475,4.436455633,2,0,0,0,1,0,1,0,0,0,0,0,0,1,0,0,1,1,0,0,0,0,0
0,3,0,29,0,0,7.775,2.171906769,1,0,0,1,0,0,0,0,0,1,1,0,0,0,0,0,1,0,0,0,0,0,1
0,2,0,59,0,0,13.5,2.674148649,1,0,0,1,0,0,0,0,1,0,1,0,0,0,0,0,1,0,0,0,1,0,0
1,3,1,5,4,2,31.3875,3.477772546,7,0,1,0,0,0,0,1,0,0,0,0,1,0,0,0,1,0,0,0,0,1,0
0,2,0,24,0,0,10.5,2.442347035,1,0,0,1,0,0,0,0,0,1,1,0,0,0,0,0,1,0,0,0,1,0,0
0,3,1,21.5,0,0,7.55,2.145931283,1,0,1,0,0,0,0,0,0,1,1,0,0,0,0,0,1,0,0,0,0,1,0
0,2,0,44,1,0,26,3.295836866,2,0,0,1,0,0,0,0,1,0,0,0,0,1,0,0,1,0,0,0,1,0,0
1,2,1,8,0,2,26.25,3.305053521,3,0,1,0,0,0,0,1,0,0,0,0,0,1,0,0,1,0,0,1,0,0,0
0,2,0,19,0,0,10.5,2.442347035,1,0,0,1,0,0,0,0,0,1,1,0,0,0,0,0,1,0,0,0,1,0,0
0,2,0,33,0,0,12.275,2.585882567,1,0,0,1,0,0,1,0,0,0,1,0,0,0,0,0,1,0,0,0,1,0,0
0,3,1,21.5,1,0,14.4542,2.737880811,2,0,1,0,0,0,0,0,0,1,0,0,0,1,1,0,0,0,0,0,0,1,0
1,3,1,21.5,1,0,15.5,2.803360381,2,0,1,0,0,0,0,0,0,1,0,0,0,1,0,1,0,0,0,0,0,1,0
0,2,0,29,0,0,10.5,2.442347035,1,0,0,1,0,0,0,0,0,1,1,0,0,0,0,0,1,0,0,0,1,0,0
0,3,0,22,0,0,7.125,2.094945728,1,0,0,1,0,0,0,0,0,1,1,0,0,0,0,0,1,0,0,0,0,0,1
0,3,0,30,0,0,7.225,2.107178297,1,0,0,1,0,0,1,0,0,0,1,0,0,0,1,0,0,0,0,0,0,0,1
0,1,0,44,2,0,90,4.510859507,3,0,0,0,0,1,0,0,1,0,0,0,0,1,0,1,0,0,1,0,0,0,0
0,3,1,25,0,0,7.775,2.171906769,1,0,1,0,0,0,0,0,0,1,1,0,0,0,0,0,1,0,0,0,0,1,0
1,2,1,24,0,2,14.5,2.740840024,3,0,0,0,1,0,0,0,0,1,0,0,0,1,0,0,1,0,0,1,0,0,0
1,1,0,37,1,1,52.5542,3.980694225,3,0,0,1,0,0,1,0,0,0,0,0,0,1,0,0,1,0,1,0,0,0,0
0,2,0,54,1,0,26,3.295836866,2,0,0,0,0,1,0,0,1,0,0,0,0,1,0,0,1,0,0,0,1,0,0
0,3,0,25,0,0,7.25,2.1102132,1,0,0,1,0,0,0,0,0,1,1,0,0,0,0,0,1,0,0,0,0,0,1
0,3,1,29,1,1,10.4625,2.439080838,3,0,0,0,1,0,0,0,0,1,0,0,0,1,0,0,1,0,0,0,0,1,0
0,1,0,62,0,0,26.55,3.316002536,1,0,0,1,0,0,0,0,1,0,1,0,0,0,0,0,1,0,1,0,0,0,0
0,3,0,30,1,0,16.1,2.839078464,2,0,0,1,0,0,1,0,0,0,0,0,0,1,0,0,1,0,0,0,0,0,1
0,3,1,41,0,2,20.2125,3.054590631,3,0,0,0,1,0,0,0,1,0,0,0,0,1,0,0,1,0,0,0,0,1,0
1,3,1,29,0,2,15.2458,2.787834414,3,0,0,0,1,0,0,0,0,1,0,0,0,1,1,0,0,0,0,0,0,1,0
1,1,1,35,0,0,79.2,4.384523515,1,0,0,0,1,0,1,0,0,0,1,0,0,0,1,0,0,1,0,0,0,0,0
1,1,1,30,0,0,86.5,4.471638793,1,0,1,0,0,0,1,0,0,0,1,0,0,0,0,0,1,1,0,0,0,0,0
1,1,1,35,0,0,512.3292,6.240917355,1,0,1,0,0,0,1,0,0,0,1,0,0,0,1,0,0,1,0,0,0,0,0
1,2,1,50,0,1,26,3.295836866,2,0,0,0,1,0,0,0,1,0,0,0,0,1,0,0,1,0,0,1,0,0,0
0,3,0,25,0,0,7.75,2.1690537,1,0,0,1,0,0,0,0,0,1,1,0,0,0,0,1,0,0,0,0,0,0,1
1,3,0,3,4,2,31.3875,3.477772546,7,1,0,0,0,0,0,1,0,0,0,0,1,0,0,0,1,0,0,0,0,0,1
0,1,0,52,1,1,79.65,4.390118805,3,0,0,1,0,0,0,0,1,0,0,0,0,1,0,0,1,0,1,0,0,0,0
0,1,0,40,0,0,0,0,1,0,0,1,0,0,0,0,1,0,1,0,0,0,0,0,1,0,1,0,0,0,0
0,3,1,21.5,0,0,7.75,2.1690537,1,0,1,0,0,0,0,0,0,1,1,0,0,0,0,1,0,0,0,0,0,1,0
0,2,0,36,0,0,10.5,2.442347035,1,0,0,1,0,0,1,0,0,0,1,0,0,0,0,0,1,0,0,0,1,0,0
0,3,0,16,4,1,39.6875,3.70592092,6,0,0,1,0,0,0,1,0,0,0,0,1,0,0,0,1,0,0,0,0,0,1
1,3,0,25,1,0,7.775,2.171906769,2,0,0,1,0,0,0,0,0,1,0,0,0,1,0,0,1,0,0,0,0,0,1
1,1,1,58,0,1,153.4625,5.039951348,2,0,0,0,1,0,0,0,1,0,0,0,0,1,0,0,1,1,0,0,0,0,0
1,1,1,35,0,0,135.6333,4.917300695,1,0,1,0,0,0,1,0,0,0,1,0,0,0,0,0,1,1,0,0,0,0,0
0,1,0,40,0,0,31,3.465735903,1,0,0,1,0,0,0,0,1,0,1,0,0,0,0,0,1,0,1,0,0,0,0
1,3,0,25,0,0,0,0,1,0,0,1,0,0,0,0,0,1,1,0,0,0,0,0,1,0,0,0,0,0,1
1,2,1,41,0,1,19.5,3.020424886,2,0,0,0,1,0,0,0,1,0,0,0,0,1,0,0,1,0,0,1,0,0,0
0,1,0,37,0,1,29.7,3.424262655,2,0,0,1,0,0,1,0,0,0,0,0,0,1,1,0,0,0,1,0,0,0,0
1,3,1,21.5,0,0,7.75,2.1690537,1,0,1,0,0,0,0,0,0,1,1,0,0,0,0,1,0,0,0,0,0,1,0
1,1,1,63,1,0,77.9583,4.368919865,2,0,1,0,0,0,0,0,1,0,0,0,0,1,0,0,1,1,0,0,0,0,0
0,3,1,45,0,0,7.75,2.1690537,1,0,1,0,0,0,0,0,1,0,1,0,0,0,0,0,1,0,0,0,0,1,0
0,2,0,30,0,0,0,0,1,0,0,1,0,0,1,0,0,0,1,0,0,0,0,0,1,0,0,0,1,0,0
0,3,0,7,4,1,29.125,3.405355392,6,1,0,0,0,0,0,1,0,0,0,0,1,0,0,1,0,0,0,0,0,0,1
1,3,1,35,1,1,20.25,3.056356895,3,0,0,0,1,0,1,0,0,0,0,0,0,1,0,0,1,0,0,0,0,1,0
0,3,0,65,0,0,7.75,2.1690537,1,0,0,1,0,0,0,0,1,0,1,0,0,0,0,1,0,0,0,0,0,0,1
0,3,0,28,0,0,7.8542,2.180891923,1,0,0,1,0,0,0,0,0,1,1,0,0,0,0,0,1,0,0,0,0,0,1
0,3,0,16,0,0,9.5,2.351375257,1,0,0,1,0,0,0,1,0,0,1,0,0,0,0,0,1,0,0,0,0,0,1
1,3,0,19,0,0,8.05,2.202764758,1,0,0,1,0,0,0,0,0,1,1,0,0,0,0,0,1,0,0,0,0,0,1
0,1,0,40,0,0,26,3.295836866,1,0,0,1,0,0,0,0,1,0,1,0,0,0,0,0,1,0,1,0,0,0,0
0,3,0,33,0,0,8.6625,2.268252414,1,0,0,1,0,0,1,0,0,0,1,0,0,0,1,0,0,0,0,0,0,0,1
1,3,0,30,0,0,9.5,2.351375257,1,0,0,1,0,0,1,0,0,0,1,0,0,0,0,0,1,0,0,0,0,0,1
0,3,0,22,0,0,7.8958,2.185579255,1,0,0,1,0,0,0,0,0,1,1,0,0,0,0,0,1,0,0,0,0,0,1
1,2,0,42,0,0,13,2.63905733,1,0,0,1,0,0,0,0,1,0,1,0,0,0,0,0,1,0,0,0,1,0,0
1,3,1,22,0,0,7.75,2.1690537,1,0,1,0,0,0,0,0,0,1,1,0,0,0,0,1,0,0,0,0,0,1,0
1,1,1,26,0,0,78.85,4.380149875,1,0,1,0,0,0,0,0,0,1,1,0,0,0,0,0,1,1,0,0,0,0,0
1,1,1,19,1,0,91.0792,4.522649076,2,0,0,0,1,0,0,0,0,1,0,0,0,1,1,0,0,1,0,0,0,0,0
0,2,0,36,0,0,12.875,2.63008866,1,0,0,1,0,0,1,0,0,0,1,0,0,0,1,0,0,0,0,0,1,0,0
0,3,1,24,0,0,8.85,2.287471455,1,0,1,0,0,0,0,0,0,1,1,0,0,0,0,0,1,0,0,0,0,1,0
0,3,0,24,0,0,7.8958,2.185579255,1,0,0,1,0,0,0,0,0,1,1,0,0,0,0,0,1,0,0,0,0,0,1
0,1,0,40,0,0,27.7208,3.357621599,1,0,0,1,0,0,0,0,1,0,1,0,0,0,1,0,0,0,1,0,0,0,0
0,3,0,23.5,0,0,7.2292,2.107688805,1,0,0,1,0,0,0,0,0,1,1,0,0,0,1,0,0,0,0,0,0,0,1
0,1,1,2,1,2,151.55,5.027492411,4,0,1,0,0,0,0,1,0,0,0,0,0,1,0,0,1,1,0,0,0,0,0
1,1,0,40,0,0,30.5,3.449987546,1,0,0,1,0,0,0,0,1,0,1,0,0,0,0,0,1,0,1,0,0,0,0
1,1,1,50,0,1,247.5208,5.515526544,2,0,0,0,1,0,0,0,1,0,0,0,0,1,1,0,0,1,0,0,0,0,0
1,3,1,21.5,0,0,7.75,2.1690537,1,0,1,0,0,0,0,0,0,1,1,0,0,0,0,1,0,0,0,0,0,1,0
1,3,0,25,2,0,23.25,3.188416617,3,0,0,1,0,0,0,0,0,1,0,0,0,1,0,1,0,0,0,0,0,0,1
0,3,0,19,0,0,0,0,1,0,0,1,0,0,0,0,0,1,1,0,0,0,0,0,1,0,0,0,0,0,1
1,2,1,28,0,0,12.35,2.591516385,1,0,1,0,0,0,0,0,0,1,1,0,0,0,0,1,0,0,0,1,0,0,0
0,3,0,25,0,0,8.05,2.202764758,1,0,0,1,0,0,0,0,0,1,1,0,0,0,0,0,1,0,0,0,0,0,1
1,1,0,0.92,1,2,151.55,5.027492411,4,1,0,0,0,0,0,1,0,0,0,0,0,1,0,0,1,0,1,0,0,0,0
1,1,1,35,0,0,110.8833,4.717456364,1,0,1,0,0,0,1,0,0,0,1,0,0,0,1,0,0,1,0,0,0,0,0
1,1,1,17,1,0,108.9,4.699570861,2,0,0,0,1,0,0,1,0,0,0,0,0,1,1,0,0,1,0,0,0,0,0
0,2,0,30,1,0,24,3.218875825,2,0,0,1,0,0,1,0,0,0,0,0,0,1,1,0,0,0,0,0,1,0,0
1,1,1,30,0,0,56.9292,4.059221575,1,0,1,0,0,0,1,0,0,0,1,0,0,0,1,0,0,1,0,0,0,0,0
1,1,1,24,0,0,83.1583,4.432699549,1,0,1,0,0,0,0,0,0,1,1,0,0,0,1,0,0,1,0,0,0,0,0
1,1,1,18,2,2,262.375,5.573578872,5,0,1,0,0,0,0,0,0,1,0,0,1,0,1,0,0,1,0,0,0,0,0
0,2,1,26,1,1,26,3.295836866,3,0,0,0,1,0,0,0,0,1,0,0,0,1,0,0,1,0,0,1,0,0,0
0,3,0,28,0,0,7.8958,2.185579255,1,0,0,1,0,0,0,0,0,1,1,0,0,0,0,0,1,0,0,0,0,0,1
0,2,0,43,1,1,26.25,3.305053521,3,0,0,1,0,0,0,0,1,0,0,0,0,1,0,0,1,0,0,0,1,0,0
1,3,1,26,0,0,7.8542,2.180891923,1,0,1,0,0,0,0,0,0,1,1,0,0,0,0,0,1,0,0,0,0,1,0
1,2,1,24,1,0,26,3.295836866,2,0,0,0,1,0,0,0,0,1,0,0,0,1,0,0,1,0,0,1,0,0,0
0,2,0,54,0,0,14,2.708050201,1,0,0,0,0,1,0,0,1,0,1,0,0,0,0,0,1,0,0,0,1,0,0
1,1,1,31,0,2,164.8667,5.111184454,3,0,1,0,0,0,1,0,0,0,0,0,0,1,0,0,1,1,0,0,0,0,0
1,1,1,40,1,1,134.5,4.90897164,3,0,0,0,1,0,0,0,1,0,0,0,0,1,1,0,0,1,0,0,0,0,0
0,3,0,22,0,0,7.25,2.1102132,1,0,0,1,0,0,0,0,0,1,1,0,0,0,0,0,1,0,0,0,0,0,1
0,3,0,27,0,0,7.8958,2.185579255,1,0,0,1,0,0,0,0,0,1,1,0,0,0,0,0,1,0,0,0,0,0,1
1,2,1,30,0,0,12.35,2.591516385,1,0,1,0,0,0,1,0,0,0,1,0,0,0,0,1,0,0,0,1,0,0,0
1,2,1,22,1,1,29,3.401197382,3,0,0,0,1,0,0,0,0,1,0,0,0,1,0,0,1,0,0,1,0,0,0
0,3,0,25,8,2,69.55,4.256321678,11,0,0,1,0,0,0,0,0,1,0,1,0,0,0,0,1,0,0,0,0,0,1
1,1,1,36,0,0,135.6333,4.917300695,1,0,1,0,0,0,1,0,0,0,1,0,0,0,1,0,0,1,0,0,0,0,0
0,3,0,61,0,0,6.2375,1.979275843,1,0,0,1,0,0,0,0,1,0,1,0,0,0,0,0,1,0,0,0,0,0,1
1,2,1,36,0,0,13,2.63905733,1,0,0,0,1,0,1,0,0,0,1,0,0,0,0,0,1,0,0,1,0,0,0
1,3,1,31,1,1,20.525,3.06921505,3,0,0,0,1,0,1,0,0,0,0,0,0,1,0,0,1,0,0,0,0,1,0
1,1,1,16,0,1,57.9792,4.077184839,2,0,1,0,0,0,0,1,0,0,0,0,0,1,1,0,0,1,0,0,0,0,0
1,3,1,21.5,2,0,23.25,3.188416617,3,0,1,0,0,0,0,0,0,1,0,0,0,1,0,1,0,0,0,0,0,1,0
0,1,0,45.5,0,0,28.5,3.384390263,1,0,0,1,0,0,0,0,1,0,1,0,0,0,0,0,1,0,1,0,0,0,0
0,1,0,38,0,1,153.4625,5.039951348,2,0,0,1,0,0,1,0,0,0,0,0,0,1,0,0,1,0,1,0,0,0,0
0,3,0,16,2,0,18,2.944438979,3,0,0,1,0,0,0,1,0,0,0,0,0,1,0,0,1,0,0,0,0,0,1
1,1,1,35,1,0,133.65,4.902678819,2,0,0,0,1,0,1,0,0,0,0,0,0,1,0,0,1,1,0,0,0,0,0
0,3,0,25,0,0,7.8958,2.185579255,1,0,0,1,0,0,0,0,0,1,1,0,0,0,0,0,1,0,0,0,0,0,1
0,1,0,29,1,0,66.6,4.213607983,2,0,0,1,0,0,0,0,0,1,0,0,0,1,0,0,1,0,1,0,0,0,0
1,1,1,41,0,0,134.5,4.90897164,1,0,1,0,0,0,0,0,1,0,1,0,0,0,1,0,0,1,0,0,0,0,0
1,3,0,45,0,0,8.05,2.202764758,1,0,0,1,0,0,0,0,1,0,1,0,0,0,0,0,1,0,0,0,0,0,1
0,1,0,45,0,0,35.5,3.597312261,1,0,0,1,0,0,0,0,1,0,1,0,0,0,0,0,1,0,1,0,0,0,0
1,2,0,2,1,1,26,3.295836866,3,1,0,0,0,0,0,1,0,0,0,0,0,1,0,0,1,0,0,0,1,0,0
1,1,1,24,3,2,263,5.575949103,6,0,1,0,0,0,0,0,0,1,0,0,1,0,0,0,1,1,0,0,0,0,0
0,2,0,28,0,0,13,2.63905733,1,0,0,1,0,0,0,0,0,1,1,0,0,0,0,0,1,0,0,0,1,0,0
0,2,0,25,0,0,13,2.63905733,1,0,0,1,0,0,0,0,0,1,1,0,0,0,0,0,1,0,0,0,1,0,0
0,2,0,36,0,0,13,2.63905733,1,0,0,1,0,0,1,0,0,0,1,0,0,0,0,0,1,0,0,0,1,0,0
1,2,1,24,0,0,13,2.63905733,1,0,1,0,0,0,0,0,0,1,1,0,0,0,0,0,1,0,0,1,0,0,0
1,2,1,40,0,0,13,2.63905733,1,0,1,0,0,0,0,0,1,0,1,0,0,0,0,0,1,0,0,1,0,0,0
1,3,1,21.5,1,0,16.1,2.839078464,2,0,0,0,1,0,0,0,0,1,0,0,0,1,0,0,1,0,0,0,0,1,0
1,3,0,3,1,1,15.9,2.827313622,3,1,0,0,0,0,0,1,0,0,0,0,0,1,0,0,1,0,0,0,0,0,1
0,3,0,42,0,0,8.6625,2.268252414,1,0,0,1,0,0,0,0,1,0,1,0,0,0,0,0,1,0,0,0,0,0,1
0,3,0,23,0,0,9.225,2.324835702,1,0,0,1,0,0,0,0,0,1,1,0,0,0,0,0,1,0,0,0,0,0,1
0,1,0,40,0,0,35,3.583518938,1,0,0,1,0,0,0,0,1,0,1,0,0,0,0,0,1,0,1,0,0,0,0
0,3,0,15,1,1,7.2292,2.107688805,3,0,0,1,0,0,0,1,0,0,0,0,0,1,1,0,0,0,0,0,0,0,1
0,3,0,25,1,0,17.8,2.93385687,2,0,0,1,0,0,0,0,0,1,0,0,0,1,0,0,1,0,0,0,0,0,1
0,3,0,25,0,0,7.225,2.107178297,1,0,0,1,0,0,0,0,0,1,1,0,0,0,1,0,0,0,0,0,0,0,1
0,3,0,28,0,0,9.5,2.351375257,1,0,0,1,0,0,0,0,0,1,1,0,0,0,0,0,1,0,0,0,0,0,1
1,1,1,22,0,1,55,4.025351691,2,0,1,0,0,0,0,0,0,1,0,0,0,1,0,0,1,1,0,0,0,0,0
0,2,1,38,0,0,13,2.63905733,1,0,1,0,0,0,1,0,0,0,1,0,0,0,0,0,1,0,0,1,0,0,0
1,3,1,21.5,0,0,7.8792,2.183711463,1,0,1,0,0,0,0,0,0,1,1,0,0,0,0,1,0,0,0,0,0,1,0
1,3,1,21.5,0,0,7.8792,2.183711463,1,0,1,0,0,0,0,0,0,1,1,0,0,0,0,1,0,0,0,0,0,1,0
0,3,0,40,1,4,27.9,3.363841595,6,0,0,1,0,0,0,0,1,0,0,0,1,0,0,0,1,0,0,0,0,0,1
0,2,0,29,1,0,27.7208,3.357621599,2,0,0,1,0,0,0,0,0,1,0,0,0,1,1,0,0,0,0,0,1,0,0
0,3,1,45,0,1,14.4542,2.737880811,2,0,0,0,1,0,0,0,1,0,0,0,0,1,1,0,0,0,0,0,0,1,0
0,3,0,35,0,0,7.05,2.085672091,1,0,0,1,0,0,1,0,0,0,1,0,0,0,0,0,1,0,0,0,0,0,1
0,3,0,25,1,0,15.5,2.803360381,2,0,0,1,0,0,0,0,0,1,0,0,0,1,0,1,0,0,0,0,0,0,1
0,3,0,30,0,0,7.25,2.1102132,1,0,0,1,0,0,1,0,0,0,1,0,0,0,0,0,1,0,0,0,0,0,1
1,1,1,60,1,0,75.25,4.334017415,2,0,0,0,1,0,0,0,1,0,0,0,0,1,1,0,0,1,0,0,0,0,0
1,3,1,21.5,0,0,7.2292,2.107688805,1,0,0,0,1,0,0,0,0,1,1,0,0,0,1,0,0,0,0,0,0,1,0
1,3,1,21.5,0,0,7.75,2.1690537,1,0,1,0,0,0,0,0,0,1,1,0,0,0,0,1,0,0,0,0,0,1,0
1,1,1,24,0,0,69.3,4.252771799,1,0,0,0,1,0,0,0,0,1,1,0,0,0,1,0,0,1,0,0,0,0,0
1,1,0,25,1,0,55.4417,4.033208247,2,0,0,1,0,0,0,0,0,1,0,0,0,1,1,0,0,0,1,0,0,0,0
0,3,0,18,1,0,6.4958,2.014342864,2,0,0,1,0,0,0,0,0,1,0,0,0,1,0,0,1,0,0,0,0,0,1
0,3,0,19,0,0,8.05,2.202764758,1,0,0,1,0,0,0,0,0,1,1,0,0,0,0,0,1,0,0,0,0,0,1
0,1,0,22,0,0,135.6333,4.917300695,1,0,0,1,0,0,0,0,0,1,1,0,0,0,1,0,0,0,1,0,0,0,0
0,3,1,3,3,1,21.075,3.094445746,5,0,1,0,0,0,0,1,0,0,0,0,1,0,0,0,1,0,0,0,0,1,0
1,1,1,35,1,0,82.1708,4.420896325,2,0,0,0,1,0,1,0,0,0,0,0,0,1,1,0,0,1,0,0,0,0,0
1,3,1,22,0,0,7.25,2.1102132,1,0,1,0,0,0,0,0,0,1,1,0,0,0,0,0,1,0,0,0,0,1,0
0,1,0,27,0,2,211.5,5.358941988,3,0,0,1,0,0,0,0,0,1,0,0,0,1,1,0,0,0,1,0,0,0,0
0,3,0,20,0,0,4.0125,1.611934793,1,0,0,1,0,0,0,0,0,1,1,0,0,0,1,0,0,0,0,0,0,0,1
0,3,0,19,0,0,7.775,2.171906769,1,0,0,1,0,0,0,0,0,1,1,0,0,0,0,0,1,0,0,0,0,0,1
1,1,1,42,0,0,227.525,5.431645614,1,0,1,0,0,0,0,0,1,0,1,0,0,0,1,0,0,1,0,0,0,0,0
1,3,1,1,0,2,15.7417,2.817902613,3,0,1,0,0,0,0,1,0,0,0,0,0,1,1,0,0,0,0,0,0,1,0
0,3,0,32,0,0,7.925,2.188856328,1,0,0,1,0,0,1,0,0,0,1,0,0,0,0,0,1,0,0,0,0,0,1
1,1,1,35,1,0,52,3.970291914,2,0,0,0,1,0,1,0,0,0,0,0,0,1,0,0,1,1,0,0,0,0,0
0,3,0,25,0,0,7.8958,2.185579255,1,0,0,1,0,0,0,0,0,1,1,0,0,0,0,0,1,0,0,0,0,0,1
0,2,0,18,0,0,73.5,4.310799125,1,0,0,1,0,0,0,0,0,1,1,0,0,0,0,0,1,0,0,0,1,0,0
0,3,0,1,5,2,46.9,3.869115504,8,1,0,0,0,0,0,1,0,0,0,1,0,0,0,0,1,0,0,0,0,0,1
1,2,1,36,0,0,13,2.63905733,1,0,1,0,0,0,1,0,0,0,1,0,0,0,0,0,1,0,0,1,0,0,0
0,3,0,25,0,0,7.7292,2.166673728,1,0,0,1,0,0,0,0,0,1,1,0,0,0,0,1,0,0,0,0,0,0,1
1,2,1,17,0,0,12,2.564949357,1,0,1,0,0,0,0,1,0,0,1,0,0,0,1,0,0,0,0,1,0,0,0
1,1,0,36,1,2,120,4.795790546,4,0,0,1,0,0,1,0,0,0,0,0,0,1,0,0,1,0,1,0,0,0,0
1,3,0,21,0,0,7.7958,2.174274335,1,0,0,1,0,0,0,0,0,1,1,0,0,0,0,0,1,0,0,0,0,0,1
0,3,0,28,2,0,7.925,2.188856328,3,0,0,1,0,0,0,0,0,1,0,0,0,1,0,0,1,0,0,0,0,0,1
1,1,1,23,1,0,113.275,4.738607824,2,0,1,0,0,0,0,0,0,1,0,0,0,1,1,0,0,1,0,0,0,0,0
1,3,1,24,0,2,16.7,2.87356464,3,0,0,0,1,0,0,0,0,1,0,0,0,1,0,0,1,0,0,0,0,1,0
0,3,0,22,0,0,7.7958,2.174274335,1,0,0,1,0,0,0,0,0,1,1,0,0,0,0,0,1,0,0,0,0,0,1
0,3,1,31,0,0,7.8542,2.180891923,1,0,1,0,0,0,1,0,0,0,1,0,0,0,0,0,1,0,0,0,0,1,0
0,2,0,46,0,0,26,3.295836866,1,0,0,1,0,0,0,0,1,0,1,0,0,0,0,0,1,0,0,0,1,0,0
0,2,0,23,0,0,10.5,2.442347035,1,0,0,0,0,1,0,0,0,1,1,0,0,0,0,0,1,0,0,0,1,0,0
1,2,1,28,0,0,12.65,2.613739522,1,0,0,0,1,0,0,0,0,1,1,0,0,0,0,0,1,0,0,1,0,0,0
1,3,0,39,0,0,7.925,2.188856328,1,0,0,1,0,0,1,0,0,0,1,0,0,0,0,0,1,0,0,0,0,0,1
0,3,0,26,0,0,8.05,2.202764758,1,0,0,1,0,0,0,0,0,1,1,0,0,0,0,0,1,0,0,0,0,0,1
0,3,1,21,1,0,9.825,2.381858274,2,0,1,0,0,0,0,0,0,1,0,0,0,1,0,0,1,0,0,0,0,1,0
0,3,0,28,1,0,15.85,2.824350657,2,0,0,1,0,0,0,0,0,1,0,0,0,1,0,0,1,0,0,0,0,0,1
0,3,1,20,0,0,8.6625,2.268252414,1,0,1,0,0,0,0,0,0,1,1,0,0,0,0,0,1,0,0,0,0,1,0
0,2,0,34,1,0,21,3.091042453,2,0,0,1,0,0,1,0,0,0,0,0,0,1,0,0,1,0,0,0,1,0,0
0,3,0,51,0,0,7.75,2.1690537,1,0,0,1,0,0,0,0,1,0,1,0,0,0,0,0,1,0,0,0,0,0,1
1,2,0,3,1,1,18.75,2.983153491,3,1,0,0,0,0,0,1,0,0,0,0,0,1,0,0,1,0,0,0,1,0,0
0,3,0,21,0,0,7.775,2.171906769,1,0,0,1,0,0,0,0,0,1,1,0,0,0,0,0,1,0,0,0,0,0,1
0,3,1,21.5,3,1,25.4667,3.275887339,5,0,1,0,0,0,0,0,0,1,0,0,1,0,0,0,1,0,0,0,0,1,0
0,3,0,25,0,0,7.8958,2.185579255,1,0,0,1,0,0,0,0,0,1,1,0,0,0,0,0,1,0,0,0,0,0,1
0,3,0,25,0,0,6.8583,2.061570298,1,0,0,1,0,0,0,0,0,1,1,0,0,0,0,1,0,0,0,0,0,0,1
1,1,1,33,1,0,90,4.510859507,2,0,1,0,0,0,1,0,0,0,0,0,0,1,0,1,0,1,0,0,0,0,0
0,2,0,30,0,0,0,0,1,0,0,1,0,0,1,0,0,0,1,0,0,0,0,0,1,0,0,0,1,0,0
1,3,0,44,0,0,7.925,2.188856328,1,0,0,1,0,0,0,0,1,0,1,0,0,0,0,0,1,0,0,0,0,0,1
0,3,1,21.5,0,0,8.05,2.202764758,1,0,0,0,1,0,0,0,0,1,1,0,0,0,0,0,1,0,0,0,0,1,0
1,2,1,34,1,1,32.5,3.511545439,3,0,0,0,1,0,1,0,0,0,0,0,0,1,0,0,1,0,0,1,0,0,0
1,2,1,18,0,2,13,2.63905733,3,0,1,0,0,0,0,0,0,1,0,0,0,1,0,0,1,0,0,1,0,0,0
0,2,0,30,0,0,13,2.63905733,1,0,0,1,0,0,1,0,0,0,1,0,0,0,0,0,1,0,0,0,1,0,0
0,3,1,10,0,2,24.15,3.224857897,3,0,1,0,0,0,0,1,0,0,0,0,0,1,0,0,1,0,0,0,0,1,0
0,3,0,25,0,0,7.8958,2.185579255,1,0,0,1,0,0,0,0,0,1,1,0,0,0,1,0,0,0,0,0,0,0,1
0,3,0,21,0,0,7.7333,2.167143305,1,0,0,1,0,0,0,0,0,1,1,0,0,0,0,1,0,0,0,0,0,0,1
0,3,0,29,0,0,7.875,2.183238335,1,0,0,1,0,0,0,0,0,1,1,0,0,0,0,0,1,0,0,0,0,0,1
0,3,1,28,1,1,14.4,2.734367509,3,0,0,0,1,0,0,0,0,1,0,0,0,1,0,0,1,0,0,0,0,1,0
0,3,0,18,1,1,20.2125,3.054590631,3,0,0,1,0,0,0,0,0,1,0,0,0,1,0,0,1,0,0,0,0,0,1
0,3,0,25,0,0,7.25,2.1102132,1,0,0,1,0,0,0,0,0,1,1,0,0,0,0,0,1,0,0,0,0,0,1
1,2,1,28,1,0,26,3.295836866,2,0,0,0,1,0,0,0,0,1,0,0,0,1,0,0,1,0,0,1,0,0,0
1,2,1,19,0,0,26,3.295836866,1,0,1,0,0,0,0,0,0,1,1,0,0,0,0,0,1,0,0,1,0,0,0
0,3,0,25,0,0,7.75,2.1690537,1,0,0,1,0,0,0,0,0,1,1,0,0,0,0,1,0,0,0,0,0,0,1
1,3,0,32,0,0,8.05,2.202764758,1,0,0,1,0,0,1,0,0,0,1,0,0,0,0,0,1,0,0,0,0,0,1
1,1,0,28,0,0,26.55,3.316002536,1,0,0,1,0,0,0,0,0,1,1,0,0,0,0,0,1,0,1,0,0,0,0
1,3,1,21.5,1,0,16.1,2.839078464,2,0,0,0,1,0,0,0,0,1,0,0,0,1,0,0,1,0,0,0,0,1,0
1,2,1,42,1,0,26,3.295836866,2,0,0,0,1,0,0,0,1,0,0,0,0,1,0,0,1,0,0,1,0,0,0
0,3,0,17,0,0,7.125,2.094945728,1,0,0,1,0,0,0,1,0,0,1,0,0,0,0,0,1,0,0,0,0,0,1
0,1,0,50,1,0,55.9,4.041295341,2,0,0,1,0,0,0,0,1,0,0,0,0,1,0,0,1,0,1,0,0,0,0
1,1,1,14,1,2,120,4.795790546,4,0,1,0,0,0,0,1,0,0,0,0,0,1,0,0,1,1,0,0,0,0,0
0,3,1,21,2,2,34.375,3.566005356,5,0,1,0,0,0,0,0,0,1,0,0,1,0,0,0,1,0,0,0,0,1,0
1,2,1,24,2,3,18.75,2.983153491,6,0,0,0,1,0,0,0,0,1,0,0,1,0,0,0,1,0,0,1,0,0,0
0,1,0,64,1,4,263,5.575949103,6,0,0,1,0,0,0,0,1,0,0,0,1,0,0,0,1,0,1,0,0,0,0
0,2,0,31,0,0,10.5,2.442347035,1,0,0,1,0,0,1,0,0,0,1,0,0,0,0,0,1,0,0,0,1,0,0
1,2,1,45,1,1,26.25,3.305053521,3,0,0,0,1,0,0,0,1,0,0,0,0,1,0,0,1,0,0,1,0,0,0
0,3,0,20,0,0,9.5,2.351375257,1,0,0,1,0,0,0,0,0,1,1,0,0,0,0,0,1,0,0,0,0,0,1
0,3,0,25,1,0,7.775,2.171906769,2,0,0,1,0,0,0,0,0,1,0,0,0,1,0,0,1,0,0,0,0,0,1
1,2,1,28,0,0,13,2.63905733,1,0,1,0,0,0,0,0,0,1,1,0,0,0,0,0,1,0,0,1,0,0,0
1,3,0,25,0,0,8.1125,2.209647097,1,0,0,1,0,0,0,0,0,1,1,0,0,0,0,0,1,0,0,0,0,0,1
1,1,0,4,0,2,81.8583,4.41713192,3,1,0,0,0,0,0,1,0,0,0,0,0,1,0,0,1,0,1,0,0,0,0
1,2,1,13,0,1,19.5,3.020424886,2,0,1,0,0,0,0,1,0,0,0,0,0,1,0,0,1,0,0,1,0,0,0
1,1,0,34,0,0,26.55,3.316002536,1,0,0,1,0,0,1,0,0,0,1,0,0,0,0,0,1,0,1,0,0,0,0
1,3,1,5,2,1,19.2583,3.008564586,4,0,1,0,0,0,0,1,0,0,0,0,0,1,1,0,0,0,0,0,0,1,0
1,1,0,52,0,0,30.5,3.449987546,1,0,0,0,0,1,0,0,1,0,1,0,0,0,0,0,1,0,1,0,0,0,0
0,2,0,36,1,2,27.75,3.358637767,4,0,0,1,0,0,1,0,0,0,0,0,0,1,0,0,1,0,0,0,1,0,0
0,3,0,25,1,0,19.9667,3.042935465,2,0,0,1,0,0,0,0,0,1,0,0,0,1,0,0,1,0,0,0,0,0,1
0,1,0,30,0,0,27.75,3.358637767,1,0,0,1,0,0,1,0,0,0,1,0,0,0,1,0,0,0,1,0,0,0,0
1,1,0,49,1,0,89.1042,4.500966778,2,0,0,1,0,0,0,0,1,0,0,0,0,1,1,0,0,0,1,0,0,0,0
0,3,0,25,0,0,8.05,2.202764758,1,0,0,1,0,0,0,0,0,1,1,0,0,0,0,0,1,0,0,0,0,0,1
1,3,0,29,0,0,7.8958,2.185579255,1,0,0,1,0,0,0,0,0,1,1,0,0,0,1,0,0,0,0,0,0,0,1
0,1,0,65,0,0,26.55,3.316002536,1,0,0,1,0,0,0,0,1,0,1,0,0,0,0,0,1,0,1,0,0,0,0
1,1,1,35,1,0,51.8625,3.967694203,2,0,0,0,1,0,1,0,0,0,0,0,0,1,0,0,1,1,0,0,0,0,0
1,2,1,50,0,0,10.5,2.442347035,1,0,1,0,0,0,0,0,1,0,1,0,0,0,0,0,1,0,0,1,0,0,0
0,3,0,25,0,0,7.75,2.1690537,1,0,0,1,0,0,0,0,0,1,1,0,0,0,0,1,0,0,0,0,0,0,1
1,1,0,48,0,0,26.55,3.316002536,1,0,0,1,0,0,0,0,1,0,1,0,0,0,0,0,1,0,1,0,0,0,0
0,3,0,34,0,0,8.05,2.202764758,1,0,0,1,0,0,1,0,0,0,1,0,0,0,0,0,1,0,0,0,0,0,1
0,1,0,47,0,0,38.5,3.676300672,1,0,0,1,0,0,0,0,1,0,1,0,0,0,0,0,1,0,1,0,0,0,0
0,2,0,48,0,0,13,2.63905733,1,0,0,1,0,0,0,0,1,0,1,0,0,0,0,0,1,0,0,0,1,0,0
0,3,0,25,0,0,8.05,2.202764758,1,0,0,1,0,0,0,0,0,1,1,0,0,0,0,0,1,0,0,0,0,0,1
0,3,0,38,0,0,7.05,2.085672091,1,0,0,1,0,0,1,0,0,0,1,0,0,0,0,0,1,0,0,0,0,0,1
0,2,0,30,0,0,0,0,1,0,0,1,0,0,1,0,0,0,1,0,0,0,0,0,1,0,0,0,1,0,0
0,1,0,56,0,0,26.55,3.316002536,1,0,0,1,0,0,0,0,1,0,1,0,0,0,0,0,1,0,1,0,0,0,0
0,3,0,25,0,0,7.725,2.166192468,1,0,0,1,0,0,0,0,0,1,1,0,0,0,0,1,0,0,0,0,0,0,1
1,3,1,0.75,2,1,19.2583,3.008564586,4,0,1,0,0,0,0,1,0,0,0,0,0,1,1,0,0,0,0,0,0,1,0
0,3,0,25,0,0,7.25,2.1102132,1,0,0,1,0,0,0,0,0,1,1,0,0,0,0,0,1,0,0,0,0,0,1
0,3,0,38,0,0,8.6625,2.268252414,1,0,0,1,0,0,1,0,0,0,1,0,0,0,0,0,1,0,0,0,0,0,1
1,2,1,33,1,2,27.75,3.358637767,4,0,0,0,1,0,1,0,0,0,0,0,0,1,0,0,1,0,0,1,0,0,0
1,2,1,23,0,0,13.7917,2.694066213,1,0,0,0,1,0,0,0,0,1,1,0,0,0,1,0,0,0,0,1,0,0,0
0,3,1,22,0,0,9.8375,2.383012342,1,0,1,0,0,0,0,0,0,1,1,0,0,0,0,0,1,0,0,0,0,1,0
0,1,0,40,0,0,52,3.970291914,1,0,0,1,0,0,0,0,1,0,1,0,0,0,0,0,1,0,1,0,0,0,0
0,2,0,34,1,0,21,3.091042453,2,0,0,1,0,0,1,0,0,0,0,0,0,1,0,0,1,0,0,0,1,0,0
0,3,0,29,1,0,7.0458,2.085150216,2,0,0,1,0,0,0,0,0,1,0,0,0,1,0,0,1,0,0,0,0,0,1
0,3,0,22,0,0,7.5208,2.142510233,1,0,0,1,0,0,0,0,0,1,1,0,0,0,0,0,1,0,0,0,0,0,1
1,3,1,2,0,1,12.2875,2.586823744,2,0,1,0,0,0,0,1,0,0,0,0,0,1,0,0,1,0,0,0,0,1,0
0,3,0,9,5,2,46.9,3.869115504,8,1,0,0,0,0,0,1,0,0,0,1,0,0,0,0,1,0,0,0,0,0,1
0,2,0,30,0,0,0,0,1,0,0,1,0,0,1,0,0,0,1,0,0,0,0,0,1,0,0,0,1,0,0
0,3,0,50,0,0,8.05,2.202764758,1,0,0,1,0,0,0,0,1,0,1,0,0,0,0,0,1,0,0,0,0,0,1
1,3,1,63,0,0,9.5875,2.35967406,1,0,0,0,1,0,0,0,1,0,1,0,0,0,0,0,1,0,0,0,0,1,0
1,1,0,25,1,0,91.0792,4.522649076,2,0,0,1,0,0,0,0,0,1,0,0,0,1,1,0,0,0,1,0,0,0,0
0,3,1,21.5,3,1,25.4667,3.275887339,5,0,1,0,0,0,0,0,0,1,0,0,1,0,0,0,1,0,0,0,0,1,0
1,1,1,35,1,0,90,4.510859507,2,0,0,0,1,0,1,0,0,0,0,0,0,1,0,0,1,1,0,0,0,0,0
0,1,0,58,0,0,29.7,3.424262655,1,0,0,1,0,0,0,0,1,0,1,0,0,0,1,0,0,0,1,0,0,0,0
0,3,0,30,0,0,8.05,2.202764758,1,0,0,1,0,0,1,0,0,0,1,0,0,0,0,0,1,0,0,0,0,0,1
1,3,0,9,1,1,15.9,2.827313622,3,1,0,0,0,0,0,1,0,0,0,0,0,1,0,0,1,0,0,0,0,0,1
0,3,0,25,1,0,19.9667,3.042935465,2,0,0,1,0,0,0,0,0,1,0,0,0,1,0,0,1,0,0,0,0,0,1
0,3,0,21,0,0,7.25,2.1102132,1,0,0,1,0,0,0,0,0,1,1,0,0,0,0,0,1,0,0,0,0,0,1
0,1,0,55,0,0,30.5,3.449987546,1,0,0,1,0,0,0,0,1,0,1,0,0,0,0,0,1,0,1,0,0,0,0
0,1,0,71,0,0,49.5042,3.922056501,1,0,0,1,0,0,0,0,1,0,1,0,0,0,1,0,0,0,1,0,0,0,0
0,3,0,21,0,0,8.05,2.202764758,1,0,0,1,0,0,0,0,0,1,1,0,0,0,0,0,1,0,0,0,0,0,1
0,3,0,25,0,0,14.4583,2.738146076,1,0,0,1,0,0,0,0,0,1,1,0,0,0,1,0,0,0,0,0,0,0,1
1,1,1,54,1,0,78.2667,4.372818116,2,0,1,0,0,0,0,0,1,0,0,0,0,1,1,0,0,1,0,0,0,0,0
0,3,0,25,0,0,15.1,2.778819272,1,0,0,1,0,0,0,0,0,1,1,0,0,0,0,0,1,0,0,0,0,0,1
0,1,1,25,1,2,151.55,5.027492411,4,0,0,0,1,0,0,0,0,1,0,0,0,1,0,0,1,1,0,0,0,0,0
0,3,0,24,0,0,7.7958,2.174274335,1,0,0,1,0,0,0,0,0,1,1,0,0,0,0,0,1,0,0,0,0,0,1
0,3,0,17,0,0,8.6625,2.268252414,1,0,0,1,0,0,0,1,0,0,1,0,0,0,0,0,1,0,0,0,0,0,1
0,3,1,21,0,0,7.75,2.1690537,1,0,1,0,0,0,0,0,0,1,1,0,0,0,0,1,0,0,0,0,0,1,0
0,3,1,21.5,0,0,7.6292,2.155151801,1,0,1,0,0,0,0,0,0,1,1,0,0,0,0,1,0,0,0,0,0,1,0
0,3,1,37,0,0,9.5875,2.35967406,1,0,1,0,0,0,1,0,0,0,1,0,0,0,0,0,1,0,0,0,0,1,0
1,1,1,16,0,0,86.5,4.471638793,1,0,1,0,0,0,0,1,0,0,1,0,0,0,0,0,1,1,0,0,0,0,0
0,1,0,18,1,0,108.9,4.699570861,2,0,0,1,0,0,0,0,0,1,0,0,0,1,1,0,0,0,1,0,0,0,0
1,2,1,33,0,2,26,3.295836866,3,0,0,0,1,0,1,0,0,0,0,0,0,1,0,0,1,0,0,1,0,0,0
1,1,0,40,0,0,26.55,3.316002536,1,0,0,1,0,0,0,0,1,0,1,0,0,0,0,0,1,0,1,0,0,0,0
0,3,0,28,0,0,22.525,3.158063685,1,0,0,1,0,0,0,0,0,1,1,0,0,0,0,0,1,0,0,0,0,0,1
1,3,0,26,0,0,56.4958,4.051711902,1,0,0,1,0,0,0,0,0,1,1,0,0,0,0,0,1,0,0,0,0,0,1
1,3,0,29,0,0,7.75,2.1690537,1,0,0,1,0,0,0,0,0,1,1,0,0,0,0,1,0,0,0,0,0,0,1
0,3,0,25,0,0,8.05,2.202764758,1,0,0,1,0,0,0,0,0,1,1,0,0,0,0,0,1,0,0,0,0,0,1
1,1,0,36,0,0,26.2875,3.306428722,1,0,0,1,0,0,1,0,0,0,1,0,0,0,0,0,1,0,1,0,0,0,0
1,1,1,54,1,0,59.4,4.100989105,2,0,0,0,1,0,0,0,1,0,0,0,0,1,1,0,0,1,0,0,0,0,0
0,3,0,24,0,0,7.4958,2.139571924,1,0,0,1,0,0,0,0,0,1,1,0,0,0,0,0,1,0,0,0,0,0,1
0,1,0,47,0,0,34.0208,3.555942171,1,0,0,1,0,0,0,0,1,0,1,0,0,0,0,0,1,0,1,0,0,0,0
1,2,1,34,0,0,10.5,2.442347035,1,0,0,0,1,0,1,0,0,0,1,0,0,0,0,0,1,0,0,1,0,0,0
0,3,0,25,0,0,24.15,3.224857897,1,0,0,1,0,0,0,0,0,1,1,0,0,0,0,1,0,0,0,0,0,0,1
1,2,1,36,1,0,26,3.295836866,2,0,0,0,1,0,1,0,0,0,0,0,0,1,0,0,1,0,0,1,0,0,0
0,3,0,32,0,0,7.8958,2.185579255,1,0,0,1,0,0,1,0,0,0,1,0,0,0,0,0,1,0,0,0,0,0,1
1,1,1,30,0,0,93.5,4.548599834,1,0,1,0,0,0,1,0,0,0,1,0,0,0,0,0,1,1,0,0,0,0,0
0,3,0,22,0,0,7.8958,2.185579255,1,0,0,1,0,0,0,0,0,1,1,0,0,0,0,0,1,0,0,0,0,0,1
0,3,0,25,0,0,7.225,2.107178297,1,0,0,1,0,0,0,0,0,1,1,0,0,0,1,0,0,0,0,0,0,0,1
1,1,1,44,0,1,57.9792,4.077184839,2,0,0,0,1,0,0,0,1,0,0,0,0,1,1,0,0,1,0,0,0,0,0
0,3,0,25,0,0,7.2292,2.107688805,1,0,0,1,0,0,0,0,0,1,1,0,0,0,1,0,0,0,0,0,0,0,1
0,3,0,40.5,0,0,7.75,2.1690537,1,0,0,1,0,0,0,0,1,0,1,0,0,0,0,1,0,0,0,0,0,0,1
1,2,1,50,0,0,10.5,2.442347035,1,0,1,0,0,0,0,0,1,0,1,0,0,0,0,0,1,0,0,1,0,0,0
0,1,0,40,0,0,221.7792,5.406181146,1,0,0,1,0,0,0,0,1,0,1,0,0,0,0,0,1,0,1,0,0,0,0
0,3,0,39,0,0,7.925,2.188856328,1,0,0,1,0,0,1,0,0,0,1,0,0,0,0,0,1,0,0,0,0,0,1
0,2,0,23,2,1,11.5,2.525728644,4,0,0,1,0,0,0,0,0,1,0,0,0,1,0,0,1,0,0,0,1,0,0
1,2,1,2,1,1,26,3.295836866,3,0,1,0,0,0,0,1,0,0,0,0,0,1,0,0,1,0,0,1,0,0,0
0,3,0,25,0,0,7.2292,2.107688805,1,0,0,1,0,0,0,0,0,1,1,0,0,0,1,0,0,0,0,0,0,0,1
0,3,0,17,1,1,7.2292,2.107688805,3,0,0,1,0,0,0,1,0,0,0,0,0,1,1,0,0,0,0,0,0,0,1
1,3,1,21.5,0,2,22.3583,3.150952381,3,0,0,0,1,0,0,0,0,1,0,0,0,1,1,0,0,0,0,0,0,1,0
0,3,1,30,0,0,8.6625,2.268252414,1,0,1,0,0,0,1,0,0,0,1,0,0,0,0,0,1,0,0,0,0,1,0
1,2,1,7,0,2,26.25,3.305053521,3,0,1,0,0,0,0,1,0,0,0,0,0,1,0,0,1,0,0,1,0,0,0
0,1,0,45,0,0,26.55,3.316002536,1,0,0,0,0,1,0,0,1,0,1,0,0,0,0,0,1,0,1,0,0,0,0
1,1,1,30,0,0,106.425,4.67679293,1,0,1,0,0,0,1,0,0,0,1,0,0,0,1,0,0,1,0,0,0,0,0
0,3,0,25,0,0,14.5,2.740840024,1,0,0,1,0,0,0,0,0,1,1,0,0,0,0,0,1,0,0,0,0,0,1
1,1,1,22,0,2,49.5,3.921973336,3,0,1,0,0,0,0,0,0,1,0,0,0,1,1,0,0,1,0,0,0,0,0
1,1,1,36,0,2,71,4.276666119,3,0,1,0,0,0,1,0,0,0,0,0,0,1,0,0,1,1,0,0,0,0,0
0,3,1,9,4,2,31.275,3.474292937,7,0,1,0,0,0,0,1,0,0,0,0,1,0,0,0,1,0,0,0,0,1,0
0,3,1,11,4,2,31.275,3.474292937,7,0,1,0,0,0,0,1,0,0,0,0,1,0,0,0,1,0,0,0,0,1,0
1,2,0,32,1,0,26,3.295836866,2,0,0,1,0,0,1,0,0,0,0,0,0,1,0,0,1,0,0,0,1,0,0
0,1,0,50,1,0,106.425,4.67679293,2,0,0,1,0,0,0,0,1,0,0,0,0,1,1,0,0,0,1,0,0,0,0
0,1,0,64,0,0,26,3.295836866,1,0,0,1,0,0,0,0,1,0,1,0,0,0,0,0,1,0,1,0,0,0,0
1,2,1,19,1,0,26,3.295836866,2,0,0,0,1,0,0,0,0,1,0,0,0,1,0,0,1,0,0,1,0,0,0
1,2,0,30,0,0,13.8625,2.698841262,1,0,0,1,0,0,1,0,0,0,1,0,0,0,1,0,0,0,0,0,1,0,0
0,3,0,33,1,1,20.525,3.06921505,3,0,0,1,0,0,1,0,0,0,0,0,0,1,0,0,1,0,0,0,0,0,1
1,2,0,8,1,1,36.75,3.630985476,3,1,0,0,0,0,0,1,0,0,0,0,0,1,0,0,1,0,0,0,1,0,0
1,1,0,17,0,2,110.8833,4.717456364,3,0,0,1,0,0,0,1,0,0,0,0,0,1,1,0,0,0,1,0,0,0,0
0,2,0,27,0,0,26,3.295836866,1,0,0,1,0,0,0,0,0,1,1,0,0,0,0,0,1,0,0,0,1,0,0
0,3,0,25,0,0,7.8292,2.17806441,1,0,0,1,0,0,0,0,0,1,1,0,0,0,0,1,0,0,0,0,0,0,1
1,3,0,22,0,0,7.225,2.107178297,1,0,0,1,0,0,0,0,0,1,1,0,0,0,1,0,0,0,0,0,0,0,1
1,3,1,22,0,0,7.775,2.171906769,1,0,1,0,0,0,0,0,0,1,1,0,0,0,0,0,1,0,0,0,0,1,0
0,1,0,62,0,0,26.55,3.316002536,1,0,0,1,0,0,0,0,1,0,1,0,0,0,0,0,1,0,1,0,0,0,0
1,1,1,48,1,0,39.6,3.703768067,2,0,0,0,0,1,0,0,1,0,0,0,0,1,1,0,0,1,0,0,0,0,0
0,1,0,40,0,0,227.525,5.431645614,1,0,0,1,0,0,0,0,1,0,1,0,0,0,1,0,0,0,1,0,0,0,0
1,1,1,39,1,1,79.65,4.390118805,3,0,0,0,1,0,1,0,0,0,0,0,0,1,0,0,1,1,0,0,0,0,0
1,3,1,36,1,0,17.4,2.912350665,2,0,0,0,1,0,1,0,0,0,0,0,0,1,0,0,1,0,0,0,0,1,0
0,3,0,25,0,0,7.75,2.1690537,1,0,0,1,0,0,0,0,0,1,1,0,0,0,0,1,0,0,0,0,0,0,1
0,3,0,40,0,0,7.8958,2.185579255,1,0,0,1,0,0,0,0,1,0,1,0,0,0,0,0,1,0,0,0,0,0,1
0,2,0,28,0,0,13.5,2.674148649,1,0,0,1,0,0,0,0,0,1,1,0,0,0,0,0,1,0,0,0,1,0,0
0,3,0,25,0,0,8.05,2.202764758,1,0,0,1,0,0,0,0,0,1,1,0,0,0,0,0,1,0,0,0,0,0,1
0,3,1,21.5,0,0,8.05,2.202764758,1,0,1,0,0,0,0,0,0,1,1,0,0,0,0,0,1,0,0,0,0,1,0
0,3,0,24,2,0,24.15,3.224857897,3,0,0,1,0,0,0,0,0,1,0,0,0,1,0,0,1,0,0,0,0,0,1
0,3,0,19,0,0,7.8958,2.185579255,1,0,0,1,0,0,0,0,0,1,1,0,0,0,0,0,1,0,0,0,0,0,1
0,3,1,29,0,4,21.075,3.094445746,5,0,0,0,1,0,0,0,0,1,0,0,1,0,0,0,1,0,0,0,0,1,0
0,3,0,25,0,0,7.2292,2.107688805,1,0,0,1,0,0,0,0,0,1,1,0,0,0,1,0,0,0,0,0,0,0,1
1,3,0,32,0,0,7.8542,2.180891923,1,0,0,1,0,0,1,0,0,0,1,0,0,0,0,0,1,0,0,0,0,0,1
1,2,0,62,0,0,10.5,2.442347035,1,0,0,1,0,0,0,0,1,0,1,0,0,0,0,0,1,0,0,0,1,0,0
1,1,1,53,2,0,51.4792,3.960416901,3,0,0,0,1,0,0,0,1,0,0,0,0,1,0,0,1,1,0,0,0,0,0
1,1,0,36,0,0,26.3875,3.310086705,1,0,0,1,0,0,1,0,0,0,1,0,0,0,0,0,1,0,1,0,0,0,0
1,3,1,21.5,0,0,7.75,2.1690537,1,0,1,0,0,0,0,0,0,1,1,0,0,0,0,1,0,0,0,0,0,1,0
0,3,0,16,0,0,8.05,2.202764758,1,0,0,1,0,0,0,1,0,0,1,0,0,0,0,0,1,0,0,0,0,0,1
0,3,0,19,0,0,14.5,2.740840024,1,0,0,1,0,0,0,0,0,1,1,0,0,0,0,0,1,0,0,0,0,0,1
1,2,1,34,0,0,13,2.63905733,1,0,1,0,0,0,1,0,0,0,1,0,0,0,0,0,1,0,0,1,0,0,0
1,1,1,39,1,0,55.9,4.041295341,2,0,0,0,1,0,1,0,0,0,0,0,0,1,0,0,1,1,0,0,0,0,0
0,3,1,21.5,1,0,14.4583,2.738146076,2,0,0,0,1,0,0,0,0,1,0,0,0,1,1,0,0,0,0,0,0,1,0
1,3,0,32,0,0,7.925,2.188856328,1,0,0,1,0,0,1,0,0,0,1,0,0,0,0,0,1,0,0,0,0,0,1
1,2,1,25,1,1,30,3.433987204,3,0,1,0,0,0,0,0,0,1,0,0,0,1,0,0,1,0,0,1,0,0,0
1,1,1,39,1,1,110.8833,4.717456364,3,0,0,0,1,0,1,0,0,0,0,0,0,1,1,0,0,1,0,0,0,0,0
0,2,0,54,0,0,26,3.295836866,1,0,0,1,0,0,0,0,1,0,1,0,0,0,0,0,1,0,0,0,1,0,0
0,1,0,36,0,0,40.125,3.716616209,1,0,0,1,0,0,1,0,0,0,1,0,0,0,1,0,0,0,1,0,0,0,0
0,3,0,25,0,0,8.7125,2.273413716,1,0,0,1,0,0,0,0,0,1,1,0,0,0,1,0,0,0,0,0,0,0,1
1,1,1,18,0,2,79.65,4.390118805,3,0,1,0,0,0,0,0,0,1,0,0,0,1,0,0,1,1,0,0,0,0,0
0,2,0,47,0,0,15,2.772588722,1,0,0,1,0,0,0,0,1,0,1,0,0,0,0,0,1,0,0,0,1,0,0
1,1,0,60,1,1,79.2,4.384523515,3,0,0,1,0,0,0,0,1,0,0,0,0,1,1,0,0,0,1,0,0,0,0
0,3,0,22,0,0,8.05,2.202764758,1,0,0,1,0,0,0,0,0,1,1,0,0,0,0,0,1,0,0,0,0,0,1
0,3,0,25,0,0,8.05,2.202764758,1,0,0,1,0,0,0,0,0,1,1,0,0,0,0,0,1,0,0,0,0,0,1
0,3,0,35,0,0,7.125,2.094945728,1,0,0,1,0,0,1,0,0,0,1,0,0,0,0,0,1,0,0,0,0,0,1
1,1,1,52,1,0,78.2667,4.372818116,2,0,0,0,1,0,0,0,1,0,0,0,0,1,1,0,0,1,0,0,0,0,0
0,3,0,47,0,0,7.25,2.1102132,1,0,0,1,0,0,0,0,1,0,1,0,0,0,0,0,1,0,0,0,0,0,1
0,3,1,21.5,0,2,7.75,2.1690537,3,0,1,0,0,0,0,0,0,1,0,0,0,1,0,1,0,0,0,0,0,1,0
0,2,0,37,1,0,26,3.295836866,2,0,0,1,0,0,1,0,0,0,0,0,0,1,0,0,1,0,0,0,1,0,0
0,3,0,36,1,1,24.15,3.224857897,3,0,0,1,0,0,1,0,0,0,0,0,0,1,0,0,1,0,0,0,0,0,1
1,2,1,28,0,0,33,3.526360525,1,0,1,0,0,0,0,0,0,1,1,0,0,0,0,0,1,0,0,1,0,0,0
0,3,0,49,0,0,0,0,1,0,0,1,0,0,0,0,1,0,1,0,0,0,0,0,1,0,0,0,0,0,1
0,3,0,25,0,0,7.225,2.107178297,1,0,0,1,0,0,0,0,0,1,1,0,0,0,1,0,0,0,0,0,0,0,1
1,1,0,49,1,0,56.9292,4.059221575,2,0,0,0,0,1,0,0,1,0,0,0,0,1,1,0,0,0,1,0,0,0,0
1,2,1,24,2,1,27,3.33220451,4,0,0,0,1,0,0,0,0,1,0,0,0,1,0,0,1,0,0,1,0,0,0
0,3,0,25,0,0,7.8958,2.185579255,1,0,0,1,0,0,0,0,0,1,1,0,0,0,0,0,1,0,0,0,0,0,1
0,1,0,40,0,0,42.4,3.770459441,1,0,0,1,0,0,0,0,1,0,1,0,0,0,0,0,1,0,1,0,0,0,0
0,3,0,44,0,0,8.05,2.202764758,1,0,0,1,0,0,0,0,1,0,1,0,0,0,0,0,1,0,0,0,0,0,1
1,1,0,35,0,0,26.55,3.316002536,1,0,0,1,0,0,1,0,0,0,1,0,0,0,1,0,0,0,1,0,0,0,0
0,3,0,36,1,0,15.55,2.806386102,2,0,0,1,0,0,1,0,0,0,0,0,0,1,0,0,1,0,0,0,0,0,1
0,3,0,30,0,0,7.8958,2.185579255,1,0,0,1,0,0,1,0,0,0,1,0,0,0,0,0,1,0,0,0,0,0,1
1,1,0,27,0,0,30.5,3.449987546,1,0,0,1,0,0,0,0,0,1,1,0,0,0,0,0,1,0,1,0,0,0,0
1,2,1,22,1,2,41.5792,3.751365871,4,0,0,0,1,0,0,0,0,1,0,0,0,1,1,0,0,0,0,1,0,0,0
1,1,1,40,0,0,153.4625,5.039951348,1,0,1,0,0,0,0,0,1,0,1,0,0,0,0,0,1,1,0,0,0,0,0
0,3,1,39,1,5,31.275,3.474292937,7,0,0,0,1,0,1,0,0,0,0,0,1,0,0,0,1,0,0,0,0,1,0
0,3,0,25,0,0,7.05,2.085672091,1,0,0,1,0,0,0,0,0,1,1,0,0,0,0,0,1,0,0,0,0,0,1
1,3,1,21.5,1,0,15.5,2.803360381,2,0,1,0,0,0,0,0,0,1,0,0,0,1,0,1,0,0,0,0,0,1,0
0,3,0,25,0,0,7.75,2.1690537,1,0,0,1,0,0,0,0,0,1,1,0,0,0,0,1,0,0,0,0,0,0,1
0,3,0,35,0,0,8.05,2.202764758,1,0,0,1,0,0,1,0,0,0,1,0,0,0,0,0,1,0,0,0,0,0,1
1,2,1,24,1,2,65,4.189654742,4,0,1,0,0,0,0,0,0,1,0,0,0,1,0,0,1,0,0,1,0,0,0
0,3,0,34,1,1,14.4,2.734367509,3,0,0,1,0,0,1,0,0,0,0,0,0,1,0,0,1,0,0,0,0,0,1
0,3,1,26,1,0,16.1,2.839078464,2,0,0,0,1,0,0,0,0,1,0,0,0,1,0,0,1,0,0,0,0,1,0
1,2,1,4,2,1,39,3.688879454,4,0,1,0,0,0,0,1,0,0,0,0,0,1,0,0,1,0,0,1,0,0,0
0,2,0,26,0,0,10.5,2.442347035,1,0,0,1,0,0,0,0,0,1,1,0,0,0,0,0,1,0,0,0,1,0,0
0,3,0,27,1,0,14.4542,2.737880811,2,0,0,1,0,0,0,0,0,1,0,0,0,1,1,0,0,0,0,0,0,0,1
1,1,0,42,1,0,52.5542,3.980694225,2,0,0,1,0,0,0,0,1,0,0,0,0,1,0,0,1,0,1,0,0,0,0
1,3,0,20,1,1,15.7417,2.817902613,3,0,0,1,0,0,0,0,0,1,0,0,0,1,1,0,0,0,0,0,0,0,1
0,3,0,21,0,0,7.8542,2.180891923,1,0,0,1,0,0,0,0,0,1,1,0,0,0,0,0,1,0,0,0,0,0,1
0,3,0,21,0,0,16.1,2.839078464,1,0,0,1,0,0,0,0,0,1,1,0,0,0,0,0,1,0,0,0,0,0,1
0,1,0,61,0,0,32.3208,3.506181827,1,0,0,1,0,0,0,0,1,0,1,0,0,0,0,0,1,0,1,0,0,0,0
0,2,0,57,0,0,12.35,2.591516385,1,0,0,0,0,1,0,0,1,0,1,0,0,0,0,1,0,0,0,0,1,0,0
1,1,1,21,0,0,77.9583,4.368919865,1,0,1,0,0,0,0,0,0,1,1,0,0,0,0,0,1,1,0,0,0,0,0
0,3,0,26,0,0,7.8958,2.185579255,1,0,0,1,0,0,0,0,0,1,1,0,0,0,0,0,1,0,0,0,0,0,1
0,3,0,25,0,0,7.7333,2.167143305,1,0,0,1,0,0,0,0,0,1,1,0,0,0,0,1,0,0,0,0,0,0,1
1,1,0,80,0,0,30,3.433987204,1,0,0,1,0,0,0,0,1,0,1,0,0,0,0,0,1,0,1,0,0,0,0
0,3,0,51,0,0,7.0542,2.086193695,1,0,0,1,0,0,0,0,1,0,1,0,0,0,0,0,1,0,0,0,0,0,1
1,1,0,32,0,0,30.5,3.449987546,1,0,0,0,0,1,1,0,0,0,1,0,0,0,1,0,0,0,1,0,0,0,0
0,1,0,40,0,0,0,0,1,0,0,1,0,0,0,0,1,0,1,0,0,0,0,0,1,0,1,0,0,0,0
0,3,1,9,3,2,27.9,3.363841595,6,0,1,0,0,0,0,1,0,0,0,0,1,0,0,0,1,0,0,0,0,1,0
1,2,1,28,0,0,13,2.63905733,1,0,1,0,0,0,0,0,0,1,1,0,0,0,0,0,1,0,0,1,0,0,0
0,3,0,32,0,0,7.925,2.188856328,1,0,0,1,0,0,1,0,0,0,1,0,0,0,0,0,1,0,0,0,0,0,1
0,2,0,31,1,1,26.25,3.305053521,3,0,0,1,0,0,1,0,0,0,0,0,0,1,0,0,1,0,0,0,1,0,0
0,3,1,41,0,5,39.6875,3.70592092,6,0,0,0,1,0,0,0,1,0,0,0,1,0,0,0,1,0,0,0,0,1,0
0,3,0,25,1,0,16.1,2.839078464,2,0,0,1,0,0,0,0,0,1,0,0,0,1,0,0,1,0,0,0,0,0,1
0,3,0,20,0,0,7.8542,2.180891923,1,0,0,1,0,0,0,0,0,1,1,0,0,0,0,0,1,0,0,0,0,0,1
1,1,1,24,0,0,69.3,4.252771799,1,0,1,0,0,0,0,0,0,1,1,0,0,0,1,0,0,1,0,0,0,0,0
0,3,1,2,3,2,27.9,3.363841595,6,0,1,0,0,0,0,1,0,0,0,0,1,0,0,0,1,0,0,0,0,1,0
1,3,0,25,0,0,56.4958,4.051711902,1,0,0,1,0,0,0,0,0,1,1,0,0,0,0,0,1,0,0,0,0,0,1
1,3,1,0.75,2,1,19.2583,3.008564586,4,0,1,0,0,0,0,1,0,0,0,0,0,1,1,0,0,0,0,0,0,1,0
1,1,0,48,1,0,76.7292,4.353230991,2,0,0,1,0,0,0,0,1,0,0,0,0,1,1,0,0,0,1,0,0,0,0
0,3,0,19,0,0,7.8958,2.185579255,1,0,0,1,0,0,0,0,0,1,1,0,0,0,0,0,1,0,0,0,0,0,1
1,1,0,56,0,0,35.5,3.597312261,1,0,0,0,0,1,0,0,1,0,1,0,0,0,1,0,0,0,1,0,0,0,0
0,3,0,25,0,0,7.55,2.145931283,1,0,0,1,0,0,0,0,0,1,1,0,0,0,0,0,1,0,0,0,0,0,1
1,3,1,23,0,0,7.55,2.145931283,1,0,1,0,0,0,0,0,0,1,1,0,0,0,0,0,1,0,0,0,0,1,0
0,3,0,25,0,0,7.8958,2.185579255,1,0,0,1,0,0,0,0,0,1,1,0,0,0,0,0,1,0,0,0,0,0,1
1,2,1,18,0,1,23,3.17805383,2,0,1,0,0,0,0,0,0,1,0,0,0,1,0,0,1,0,0,1,0,0,0
0,3,0,21,0,0,8.4333,2.244245982,1,0,0,1,0,0,0,0,0,1,1,0,0,0,0,0,1,0,0,0,0,0,1
1,3,1,21.5,0,0,7.8292,2.17806441,1,0,1,0,0,0,0,0,0,1,1,0,0,0,0,1,0,0,0,0,0,1,0
0,3,1,18,0,0,6.75,2.047692843,1,0,1,0,0,0,0,0,0,1,1,0,0,0,0,1,0,0,0,0,0,1,0
0,2,0,24,2,0,73.5,4.310799125,3,0,0,1,0,0,0,0,0,1,0,0,0,1,0,0,1,0,0,0,1,0,0
0,3,0,25,0,0,7.8958,2.185579255,1,0,0,1,0,0,0,0,0,1,1,0,0,0,0,0,1,0,0,0,0,0,1
0,3,1,32,1,1,15.5,2.803360381,3,0,0,0,1,0,1,0,0,0,0,0,0,1,0,1,0,0,0,0,0,1,0
0,2,0,23,0,0,13,2.63905733,1,0,0,1,0,0,0,0,0,1,1,0,0,0,0,0,1,0,0,0,1,0,0
0,1,0,58,0,2,113.275,4.738607824,3,0,0,1,0,0,0,0,1,0,0,0,0,1,1,0,0,0,1,0,0,0,0
1,1,0,50,2,0,133.65,4.902678819,3,0,0,0,0,1,0,0,1,0,0,0,0,1,0,0,1,0,1,0,0,0,0
0,3,0,40,0,0,7.225,2.107178297,1,0,0,1,0,0,0,0,1,0,1,0,0,0,1,0,0,0,0,0,0,0,1
0,1,0,47,0,0,25.5875,3.280441181,1,0,0,1,0,0,0,0,1,0,1,0,0,0,0,0,1,0,1,0,0,0,0
0,3,0,36,0,0,7.4958,2.139571924,1,0,0,1,0,0,1,0,0,0,1,0,0,0,0,0,1,0,0,0,0,0,1
1,3,0,20,1,0,7.925,2.188856328,2,0,0,1,0,0,0,0,0,1,0,0,0,1,0,0,1,0,0,0,0,0,1
0,2,0,32,2,0,73.5,4.310799125,3,0,0,1,0,0,1,0,0,0,0,0,0,1,0,0,1,0,0,0,1,0,0
0,2,0,25,0,0,13,2.63905733,1,0,0,1,0,0,0,0,0,1,1,0,0,0,0,0,1,0,0,0,1,0,0
0,3,0,25,0,0,7.775,2.171906769,1,0,0,1,0,0,0,0,0,1,1,0,0,0,0,0,1,0,0,0,0,0,1
0,3,0,43,0,0,8.05,2.202764758,1,0,0,1,0,0,0,0,1,0,1,0,0,0,0,0,1,0,0,0,0,0,1
1,1,1,35,1,0,52,3.970291914,2,0,0,0,1,0,1,0,0,0,0,0,0,1,0,0,1,1,0,0,0,0,0
1,2,1,40,1,1,39,3.688879454,3,0,0,0,1,0,0,0,1,0,0,0,0,1,0,0,1,0,0,1,0,0,0
0,1,0,31,1,0,52,3.970291914,2,0,0,1,0,0,1,0,0,0,0,0,0,1,0,0,1,0,1,0,0,0,0
0,2,0,70,0,0,10.5,2.442347035,1,0,0,1,0,0,0,0,1,0,1,0,0,0,0,0,1,0,0,0,1,0,0
1,2,0,31,0,0,13,2.63905733,1,0,0,1,0,0,1,0,0,0,1,0,0,0,0,0,1,0,0,0,1,0,0
0,2,0,30,0,0,0,0,1,0,0,1,0,0,1,0,0,0,1,0,0,0,0,0,1,0,0,0,1,0,0
0,3,0,18,0,0,7.775,2.171906769,1,0,0,1,0,0,0,0,0,1,1,0,0,0,0,0,1,0,0,0,0,0,1
0,3,0,24.5,0,0,8.05,2.202764758,1,0,0,1,0,0,0,0,0,1,1,0,0,0,0,0,1,0,0,0,0,0,1
1,3,1,18,0,0,9.8417,2.38339981,1,0,1,0,0,0,0,0,0,1,1,0,0,0,0,0,1,0,0,0,0,1,0
0,3,1,43,1,6,46.9,3.869115504,8,0,0,0,1,0,0,0,1,0,0,1,0,0,0,0,1,0,0,0,0,1,0
1,1,0,36,0,1,512.3292,6.240917355,2,0,0,1,0,0,1,0,0,0,0,0,0,1,1,0,0,0,1,0,0,0,0
0,3,1,21.5,0,0,8.1375,2.212386825,1,0,1,0,0,0,0,0,0,1,1,0,0,0,0,1,0,0,0,0,0,1,0
1,1,0,27,0,0,76.7292,4.353230991,1,0,0,1,0,0,0,0,0,1,1,0,0,0,1,0,0,0,1,0,0,0,0
0,3,0,20,0,0,9.225,2.324835702,1,0,0,1,0,0,0,0,0,1,1,0,0,0,0,0,1,0,0,0,0,0,1
0,3,0,14,5,2,46.9,3.869115504,8,0,0,1,0,0,0,1,0,0,0,1,0,0,0,0,1,0,0,0,0,0,1
0,2,0,60,1,1,39,3.688879454,3,0,0,1,0,0,0,0,1,0,0,0,0,1,0,0,1,0,0,0,1,0,0
0,2,0,25,1,2,41.5792,3.751365871,4,0,0,1,0,0,0,0,0,1,0,0,0,1,1,0,0,0,0,0,1,0,0
0,3,0,14,4,1,39.6875,3.70592092,6,0,0,1,0,0,0,1,0,0,0,0,1,0,0,0,1,0,0,0,0,0,1
0,3,0,19,0,0,10.1708,2.413303231,1,0,0,1,0,0,0,0,0,1,1,0,0,0,0,0,1,0,0,0,0,0,1
0,3,0,18,0,0,7.7958,2.174274335,1,0,0,1,0,0,0,0,0,1,1,0,0,0,0,0,1,0,0,0,0,0,1
1,1,1,15,0,1,211.3375,5.35817699,2,0,1,0,0,0,0,1,0,0,0,0,0,1,0,0,1,1,0,0,0,0,0
1,1,0,31,1,0,57,4.060443011,2,0,0,1,0,0,1,0,0,0,0,0,0,1,0,0,1,0,1,0,0,0,0
1,3,1,4,0,1,13.4167,2.668387257,2,0,1,0,0,0,0,1,0,0,0,0,0,1,1,0,0,0,0,0,0,1,0
1,3,0,25,0,0,56.4958,4.051711902,1,0,0,1,0,0,0,0,0,1,1,0,0,0,0,0,1,0,0,0,0,0,1
0,3,0,25,0,0,7.225,2.107178297,1,0,0,1,0,0,0,0,0,1,1,0,0,0,1,0,0,0,0,0,0,0,1
0,1,0,60,0,0,26.55,3.316002536,1,0,0,0,0,1,0,0,1,0,1,0,0,0,0,0,1,0,1,0,0,0,0
0,2,0,52,0,0,13.5,2.674148649,1,0,0,1,0,0,0,0,1,0,1,0,0,0,0,0,1,0,0,0,1,0,0
0,3,0,44,0,0,8.05,2.202764758,1,0,0,1,0,0,0,0,1,0,1,0,0,0,0,0,1,0,0,0,0,0,1
1,3,1,21.5,0,0,7.7333,2.167143305,1,0,1,0,0,0,0,0,0,1,1,0,0,0,0,1,0,0,0,0,0,1,0
0,1,0,49,1,1,110.8833,4.717456364,3,0,0,1,0,0,0,0,1,0,0,0,0,1,1,0,0,0,1,0,0,0,0
0,3,0,42,0,0,7.65,2.157559321,1,0,0,1,0,0,0,0,1,0,1,0,0,0,0,0,1,0,0,0,0,0,1
1,1,1,18,1,0,227.525,5.431645614,2,0,0,0,1,0,0,0,0,1,0,0,0,1,1,0,0,1,0,0,0,0,0
1,1,0,35,0,0,26.2875,3.306428722,1,0,0,1,0,0,1,0,0,0,1,0,0,0,0,0,1,0,1,0,0,0,0
0,3,1,18,0,1,14.4542,2.737880811,2,0,1,0,0,0,0,0,0,1,0,0,0,1,1,0,0,0,0,0,0,1,0
0,3,0,25,0,0,7.7417,2.168104679,1,0,0,1,0,0,0,0,0,1,1,0,0,0,0,1,0,0,0,0,0,0,1
0,3,0,26,1,0,7.8542,2.180891923,2,0,0,1,0,0,0,0,0,1,0,0,0,1,0,0,1,0,0,0,0,0,1
0,2,0,39,0,0,26,3.295836866,1,0,0,1,0,0,1,0,0,0,1,0,0,0,0,0,1,0,0,0,1,0,0
1,2,1,45,0,0,13.5,2.674148649,1,0,0,0,1,0,0,0,1,0,1,0,0,0,0,0,1,0,0,1,0,0,0
1,1,0,42,0,0,26.2875,3.306428722,1,0,0,1,0,0,0,0,1,0,1,0,0,0,0,0,1,0,1,0,0,0,0
1,1,1,22,0,0,151.55,5.027492411,1,0,1,0,0,0,0,0,0,1,1,0,0,0,0,0,1,1,0,0,0,0,0
1,3,0,25,1,1,15.2458,2.787834414,3,1,0,0,0,0,0,0,0,1,0,0,0,1,1,0,0,0,0,0,0,0,1
1,1,1,24,0,0,49.5042,3.922056501,1,0,1,0,0,0,0,0,0,1,1,0,0,0,1,0,0,1,0,0,0,0,0
0,1,0,40,0,0,26.55,3.316002536,1,0,0,1,0,0,0,0,1,0,1,0,0,0,0,0,1,0,1,0,0,0,0
1,1,0,48,1,0,52,3.970291914,2,0,0,1,0,0,0,0,1,0,0,0,0,1,0,0,1,0,1,0,0,0,0
0,3,0,29,0,0,9.4833,2.349783515,1,0,0,1,0,0,0,0,0,1,1,0,0,0,0,0,1,0,0,0,0,0,1
0,2,0,52,0,0,13,2.63905733,1,0,0,1,0,0,0,0,1,0,1,0,0,0,0,0,1,0,0,0,1,0,0
0,3,0,19,0,0,7.65,2.157559321,1,0,0,1,0,0,0,0,0,1,1,0,0,0,0,0,1,0,0,0,0,0,1
1,1,1,38,0,0,227.525,5.431645614,1,0,1,0,0,0,1,0,0,0,1,0,0,0,1,0,0,1,0,0,0,0,0
1,2,1,27,0,0,10.5,2.442347035,1,0,1,0,0,0,0,0,0,1,1,0,0,0,0,0,1,0,0,1,0,0,0
0,3,0,25,0,0,15.5,2.803360381,1,0,0,1,0,0,0,0,0,1,1,0,0,0,0,1,0,0,0,0,0,0,1
0,3,0,33,0,0,7.775,2.171906769,1,0,0,1,0,0,1,0,0,0,1,0,0,0,0,0,1,0,0,0,0,0,1
1,2,1,6,0,1,33,3.526360525,2,0,1,0,0,0,0,1,0,0,0,0,0,1,0,0,1,0,0,1,0,0,0
0,3,0,17,1,0,7.0542,2.086193695,2,0,0,1,0,0,0,1,0,0,0,0,0,1,0,0,1,0,0,0,0,0,1
0,2,0,34,0,0,13,2.63905733,1,0,0,1,0,0,1,0,0,0,1,0,0,0,0,0,1,0,0,0,1,0,0
0,2,0,50,0,0,13,2.63905733,1,0,0,1,0,0,0,0,1,0,1,0,0,0,0,0,1,0,0,0,1,0,0
1,1,0,27,1,0,53.1,3.990834186,2,0,0,1,0,0,0,0,0,1,0,0,0,1,0,0,1,0,1,0,0,0,0
0,3,0,20,0,0,8.6625,2.268252414,1,0,0,1,0,0,0,0,0,1,1,0,0,0,0,0,1,0,0,0,0,0,1
1,2,1,30,3,0,21,3.091042453,4,0,0,0,1,0,1,0,0,0,0,0,0,1,0,0,1,0,0,1,0,0,0
1,3,1,21.5,0,0,7.7375,2.167624108,1,0,1,0,0,0,0,0,0,1,1,0,0,0,0,1,0,0,0,0,0,1,0
0,2,0,25,1,0,26,3.295836866,2,0,0,1,0,0,0,0,0,1,0,0,0,1,0,0,1,0,0,0,1,0,0
0,3,1,25,1,0,7.925,2.188856328,2,0,1,0,0,0,0,0,0,1,0,0,0,1,0,0,1,0,0,0,0,1,0
1,1,1,29,0,0,211.3375,5.35817699,1,0,1,0,0,0,0,0,0,1,1,0,0,0,0,0,1,1,0,0,0,0,0
0,3,0,11,0,0,18.7875,2.985050425,1,0,0,1,0,0,0,1,0,0,1,0,0,0,1,0,0,0,0,0,0,0,1
0,2,0,30,0,0,0,0,1,0,0,1,0,0,1,0,0,0,1,0,0,0,0,0,1,0,0,0,1,0,0
0,2,0,23,0,0,13,2.63905733,1,0,0,1,0,0,0,0,0,1,1,0,0,0,0,0,1,0,0,0,1,0,0
0,2,0,23,0,0,13,2.63905733,1,0,0,1,0,0,0,0,0,1,1,0,0,0,0,0,1,0,0,0,1,0,0
0,3,0,28.5,0,0,16.1,2.839078464,1,0,0,1,0,0,0,0,0,1,1,0,0,0,0,0,1,0,0,0,0,0,1
0,3,1,48,1,3,34.375,3.566005356,5,0,0,0,1,0,0,0,1,0,0,0,1,0,0,0,1,0,0,0,0,1,0
1,1,0,35,0,0,512.3292,6.240917355,1,0,0,1,0,0,1,0,0,0,1,0,0,0,1,0,0,0,1,0,0,0,0
0,3,0,25,0,0,7.8958,2.185579255,1,0,0,1,0,0,0,0,0,1,1,0,0,0,0,0,1,0,0,0,0,0,1
0,3,0,25,0,0,7.8958,2.185579255,1,0,0,1,0,0,0,0,0,1,1,0,0,0,0,0,1,0,0,0,0,0,1
1,1,0,40,0,0,30,3.433987204,1,0,0,1,0,0,0,0,1,0,1,0,0,0,0,0,1,0,1,0,0,0,0
0,1,0,36,1,0,78.85,4.380149875,2,0,0,1,0,0,1,0,0,0,0,0,0,1,0,0,1,0,1,0,0,0,0
1,1,1,21,2,2,262.375,5.573578872,5,0,1,0,0,0,0,0,0,1,0,0,1,0,1,0,0,1,0,0,0,0,0
0,3,0,24,1,0,16.1,2.839078464,2,0,0,1,0,0,0,0,0,1,0,0,0,1,0,0,1,0,0,0,0,0,1
1,3,0,31,0,0,7.925,2.188856328,1,0,0,1,0,0,1,0,0,0,1,0,0,0,0,0,1,0,0,0,0,0,1
0,1,0,70,1,1,71,4.276666119,3,0,0,0,0,1,0,0,1,0,0,0,0,1,0,0,1,0,1,0,0,0,0
0,3,0,16,1,1,20.25,3.056356895,3,0,0,1,0,0,0,1,0,0,0,0,0,1,0,0,1,0,0,0,0,0,1
1,2,1,30,0,0,13,2.63905733,1,0,1,0,0,0,1,0,0,0,1,0,0,0,0,0,1,0,0,1,0,0,0
0,1,0,19,1,0,53.1,3.990834186,2,0,0,1,0,0,0,0,0,1,0,0,0,1,0,0,1,0,1,0,0,0,0
0,3,0,31,0,0,7.75,2.1690537,1,0,0,1,0,0,1,0,0,0,1,0,0,0,0,1,0,0,0,0,0,0,1
1,2,1,4,1,1,23,3.17805383,3,0,1,0,0,0,0,1,0,0,0,0,0,1,0,0,1,0,0,1,0,0,0
1,3,0,6,0,1,12.475,2.600836117,2,1,0,0,0,0,0,1,0,0,0,0,0,1,0,0,1,0,0,0,0,0,1
0,3,0,33,0,0,9.5,2.351375257,1,0,0,1,0,0,1,0,0,0,1,0,0,0,0,0,1,0,0,0,0,0,1
0,3,0,23,0,0,7.8958,2.185579255,1,0,0,1,0,0,0,0,0,1,1,0,0,0,0,0,1,0,0,0,0,0,1
1,2,1,48,1,2,65,4.189654742,4,0,0,0,1,0,0,0,1,0,0,0,0,1,0,0,1,0,0,1,0,0,0
1,2,0,0.67,1,1,14.5,2.740840024,3,1,0,0,0,0,0,1,0,0,0,0,0,1,0,0,1,0,0,0,1,0,0
0,3,0,28,0,0,7.7958,2.174274335,1,0,0,1,0,0,0,0,0,1,1,0,0,0,0,0,1,0,0,0,0,0,1
0,2,0,18,0,0,11.5,2.525728644,1,0,0,1,0,0,0,0,0,1,1,0,0,0,0,0,1,0,0,0,1,0,0
0,3,0,34,0,0,8.05,2.202764758,1,0,0,1,0,0,1,0,0,0,1,0,0,0,0,0,1,0,0,0,0,0,1
1,1,1,33,0,0,86.5,4.471638793,1,0,0,0,0,1,1,0,0,0,1,0,0,0,0,0,1,1,0,0,0,0,0
0,3,0,25,0,0,14.5,2.740840024,1,0,0,1,0,0,0,0,0,1,1,0,0,0,0,0,1,0,0,0,0,0,1
0,3,0,41,0,0,7.125,2.094945728,1,0,0,1,0,0,0,0,1,0,1,0,0,0,0,0,1,0,0,0,0,0,1
1,3,0,20,0,0,7.2292,2.107688805,1,0,0,1,0,0,0,0,0,1,1,0,0,0,1,0,0,0,0,0,0,0,1
1,1,1,36,1,2,120,4.795790546,4,0,0,0,1,0,1,0,0,0,0,0,0,1,0,0,1,1,0,0,0,0,0
0,3,0,16,0,0,7.775,2.171906769,1,0,0,1,0,0,0,1,0,0,1,0,0,0,0,0,1,0,0,0,0,0,1
1,1,1,51,1,0,77.9583,4.368919865,2,0,0,0,1,0,0,0,1,0,0,0,0,1,0,0,1,1,0,0,0,0,0
0,1,0,40,0,0,39.6,3.703768067,1,0,0,0,0,1,0,0,1,0,1,0,0,0,1,0,0,0,1,0,0,0,0
0,3,1,30.5,0,0,7.75,2.1690537,1,0,1,0,0,0,1,0,0,0,1,0,0,0,0,1,0,0,0,0,0,1,0
0,3,0,25,1,0,24.15,3.224857897,2,0,0,1,0,0,0,0,0,1,0,0,0,1,0,1,0,0,0,0,0,0,1
0,3,0,32,0,0,8.3625,2.236712349,1,0,0,1,0,0,1,0,0,0,1,0,0,0,0,0,1,0,0,0,0,0,1
0,3,0,24,0,0,9.5,2.351375257,1,0,0,1,0,0,0,0,0,1,1,0,0,0,0,0,1,0,0,0,0,0,1
0,3,0,48,0,0,7.8542,2.180891923,1,0,0,1,0,0,0,0,1,0,1,0,0,0,0,0,1,0,0,0,0,0,1
0,2,1,57,0,0,10.5,2.442347035,1,0,0,0,1,0,0,0,1,0,1,0,0,0,0,0,1,0,0,1,0,0,0
0,3,0,25,0,0,7.225,2.107178297,1,0,0,1,0,0,0,0,0,1,1,0,0,0,1,0,0,0,0,0,0,0,1
1,2,1,54,1,3,23,3.17805383,5,0,0,0,1,0,0,0,1,0,0,0,1,0,0,0,1,0,0,1,0,0,0
0,3,0,18,0,0,7.75,2.1690537,1,0,0,1,0,0,0,0,0,1,1,0,0,0,0,0,1,0,0,0,0,0,1
0,3,0,25,0,0,7.75,2.1690537,1,0,0,1,0,0,0,0,0,1,1,0,0,0,0,1,0,0,0,0,0,0,1
1,3,1,5,0,0,12.475,2.600836117,1,0,1,0,0,0,0,1,0,0,1,0,0,0,0,0,1,0,0,0,0,1,0
0,3,0,25,0,0,7.7375,2.167624108,1,0,0,1,0,0,0,0,0,1,1,0,0,0,0,1,0,0,0,0,0,0,1
1,1,1,43,0,1,211.3375,5.35817699,2,0,0,0,1,0,0,0,1,0,0,0,0,1,0,0,1,1,0,0,0,0,0
1,3,1,13,0,0,7.2292,2.107688805,1,0,1,0,0,0,0,1,0,0,1,0,0,0,1,0,0,0,0,0,0,1,0
1,1,1,17,1,0,57,4.060443011,2,0,0,0,1,0,0,1,0,0,0,0,0,1,0,0,1,1,0,0,0,0,0
0,1,0,29,0,0,30,3.433987204,1,0,0,1,0,0,0,0,0,1,1,0,0,0,0,0,1,0,1,0,0,0,0
0,3,0,25,1,2,23.45,3.196630216,4,0,0,1,0,0,0,0,0,1,0,0,0,1,0,0,1,0,0,0,0,0,1
0,3,0,25,0,0,7.05,2.085672091,1,0,0,1,0,0,0,0,0,1,1,0,0,0,0,0,1,0,0,0,0,0,1
0,3,0,25,0,0,7.25,2.1102132,1,0,0,1,0,0,0,0,0,1,1,0,0,0,0,0,1,0,0,0,0,0,1
1,3,1,18,0,0,7.4958,2.139571924,1,0,1,0,0,0,0,0,0,1,1,0,0,0,0,0,1,0,0,0,0,1,0
0,3,0,8,4,1,29.125,3.405355392,6,1,0,0,0,0,0,1,0,0,0,0,1,0,0,1,0,0,0,0,0,0,1
1,3,0,1,1,2,20.575,3.071535237,4,1,0,0,0,0,0,1,0,0,0,0,0,1,0,0,1,0,0,0,0,0,1
0,1,0,46,0,0,79.2,4.384523515,1,0,0,1,0,0,0,0,1,0,1,0,0,0,1,0,0,0,1,0,0,0,0
0,3,0,25,0,0,7.75,2.1690537,1,0,0,1,0,0,0,0,0,1,1,0,0,0,0,1,0,0,0,0,0,0,1
0,2,0,16,0,0,26,3.295836866,1,0,0,1,0,0,0,1,0,0,1,0,0,0,0,0,1,0,0,0,1,0,0
0,3,1,21.5,8,2,69.55,4.256321678,11,0,1,0,0,0,0,0,0,1,0,1,0,0,0,0,1,0,0,0,0,1,0
0,1,0,40,0,0,30.6958,3.45618418,1,0,0,1,0,0,0,0,1,0,1,0,0,0,1,0,0,0,1,0,0,0,0
0,3,0,25,0,0,7.8958,2.185579255,1,0,0,1,0,0,0,0,0,1,1,0,0,0,0,0,1,0,0,0,0,0,1
0,2,0,39,0,0,13,2.63905733,1,0,0,1,0,0,1,0,0,0,1,0,0,0,0,0,1,0,0,0,1,0,0
1,1,1,49,0,0,25.9292,3.2932112,1,0,0,0,0,1,0,0,1,0,1,0,0,0,0,0,1,1,0,0,0,0,0
1,3,1,31,0,0,8.6833,2.270402752,1,0,0,0,1,0,1,0,0,0,1,0,0,0,0,0,1,0,0,0,0,1,0
0,3,0,30,0,0,7.2292,2.107688805,1,0,0,1,0,0,1,0,0,0,1,0,0,0,1,0,0,0,0,0,0,0,1
0,3,1,30,1,1,24.15,3.224857897,3,0,0,0,1,0,1,0,0,0,0,0,0,1,0,0,1,0,0,0,0,1,0
0,2,0,34,0,0,13,2.63905733,1,0,0,1,0,0,1,0,0,0,1,0,0,0,0,0,1,0,0,0,1,0,0
1,2,1,31,1,1,26.25,3.305053521,3,0,0,0,1,0,1,0,0,0,0,0,0,1,0,0,1,0,0,1,0,0,0
1,1,0,11,1,2,120,4.795790546,4,1,0,0,0,0,0,1,0,0,0,0,0,1,0,0,1,0,1,0,0,0,0
1,3,0,0.42,0,1,8.5167,2.25304815,2,1,0,0,0,0,0,1,0,0,0,0,0,1,1,0,0,0,0,0,0,0,1
1,3,0,27,0,0,6.975,2.076311649,1,0,0,1,0,0,0,0,0,1,1,0,0,0,0,0,1,0,0,0,0,0,1
0,3,0,31,0,0,7.775,2.171906769,1,0,0,1,0,0,1,0,0,0,1,0,0,0,0,0,1,0,0,0,0,0,1
0,1,0,39,0,0,0,0,1,0,0,1,0,0,1,0,0,0,1,0,0,0,0,0,1,0,1,0,0,0,0
0,3,1,18,0,0,7.775,2.171906769,1,0,1,0,0,0,0,0,0,1,1,0,0,0,0,0,1,0,0,0,0,1,0
0,2,0,39,0,0,13,2.63905733,1,0,0,1,0,0,1,0,0,0,1,0,0,0,0,0,1,0,0,0,1,0,0
1,1,1,33,1,0,53.1,3.990834186,2,0,0,0,1,0,1,0,0,0,0,0,0,1,0,0,1,1,0,0,0,0,0
0,3,0,26,0,0,7.8875,2.184645795,1,0,0,1,0,0,0,0,0,1,1,0,0,0,0,0,1,0,0,0,0,0,1
0,3,0,39,0,0,24.15,3.224857897,1,0,0,1,0,0,1,0,0,0,1,0,0,0,0,0,1,0,0,0,0,0,1
0,2,0,35,0,0,10.5,2.442347035,1,0,0,1,0,0,1,0,0,0,1,0,0,0,0,0,1,0,0,0,1,0,0
0,3,1,6,4,2,31.275,3.474292937,7,0,1,0,0,0,0,1,0,0,0,0,1,0,0,0,1,0,0,0,0,1,0
0,3,0,30.5,0,0,8.05,2.202764758,1,0,0,1,0,0,1,0,0,0,1,0,0,0,0,0,1,0,0,0,0,0,1
0,1,0,40,0,0,0,0,1,0,0,1,0,0,0,0,1,0,1,0,0,0,0,0,1,0,1,0,0,0,0
0,3,1,23,0,0,7.925,2.188856328,1,0,1,0,0,0,0,0,0,1,1,0,0,0,0,0,1,0,0,0,0,1,0
0,2,0,31,1,1,37.0042,3.63769668,3,0,0,1,0,0,1,0,0,0,0,0,0,1,1,0,0,0,0,0,1,0,0
0,3,0,43,0,0,6.45,2.008214032,1,0,0,1,0,0,0,0,1,0,1,0,0,0,0,0,1,0,0,0,0,0,1
0,3,0,10,3,2,27.9,3.363841595,6,1,0,0,0,0,0,1,0,0,0,0,1,0,0,0,1,0,0,0,0,0,1
1,1,1,52,1,1,93.5,4.548599834,3,0,0,0,1,0,0,0,1,0,0,0,0,1,0,0,1,1,0,0,0,0,0
1,3,0,27,0,0,8.6625,2.268252414,1,0,0,1,0,0,0,0,0,1,1,0,0,0,0,0,1,0,0,0,0,0,1
0,1,0,38,0,0,0,0,1,0,0,0,0,1,1,0,0,0,1,0,0,0,0,0,1,0,1,0,0,0,0
1,3,1,27,0,1,12.475,2.600836117,2,0,0,0,1,0,0,0,0,1,0,0,0,1,0,0,1,0,0,0,0,1,0
0,3,0,2,4,1,39.6875,3.70592092,6,1,0,0,0,0,0,1,0,0,0,0,1,0,0,0,1,0,0,0,0,0,1
0,3,0,25,0,0,6.95,2.073171929,1,0,0,1,0,0,0,0,0,1,1,0,0,0,0,1,0,0,0,0,0,0,1
0,3,0,25,0,0,56.4958,4.051711902,1,0,0,1,0,0,0,0,0,1,1,0,0,0,0,0,1,0,0,0,0,0,1
1,2,0,1,0,2,37.0042,3.63769668,3,1,0,0,0,0,0,1,0,0,0,0,0,1,1,0,0,0,0,0,1,0,0
1,3,0,25,0,0,7.75,2.1690537,1,0,0,1,0,0,0,0,0,1,1,0,0,0,0,1,0,0,0,0,0,0,1
1,1,1,62,0,0,80,4.394449155,1,0,0,0,1,0,0,0,1,0,1,0,0,0,0,0,1,1,0,0,0,0,0
1,3,1,15,1,0,14.4542,2.737880811,2,0,0,0,1,0,0,1,0,0,0,0,0,1,1,0,0,0,0,0,0,1,0
1,2,0,0.83,1,1,18.75,2.983153491,3,1,0,0,0,0,0,1,0,0,0,0,0,1,0,0,1,0,0,0,1,0,0
0,3,0,25,0,0,7.2292,2.107688805,1,0,0,1,0,0,0,0,0,1,1,0,0,0,1,0,0,0,0,0,0,0,1
0,3,0,23,0,0,7.8542,2.180891923,1,0,0,1,0,0,0,0,0,1,1,0,0,0,0,0,1,0,0,0,0,0,1
0,3,0,18,0,0,8.3,2.2300144,1,0,0,1,0,0,0,0,0,1,1,0,0,0,0,0,1,0,0,0,0,0,1
1,1,1,39,1,1,83.1583,4.432699549,3,0,1,0,0,0,1,0,0,0,0,0,0,1,1,0,0,1,0,0,0,0,0
0,3,0,21,0,0,8.6625,2.268252414,1,0,0,1,0,0,0,0,0,1,1,0,0,0,0,0,1,0,0,0,0,0,1
0,3,0,25,0,0,8.05,2.202764758,1,0,0,1,0,0,0,0,0,1,1,0,0,0,0,0,1,0,0,0,0,0,1
1,3,0,32,0,0,56.4958,4.051711902,1,0,0,1,0,0,1,0,0,0,1,0,0,0,0,0,1,0,0,0,0,0,1
1,1,0,40,0,0,29.7,3.424262655,1,0,0,1,0,0,0,0,1,0,1,0,0,0,1,0,0,0,1,0,0,0,0
0,3,0,20,0,0,7.925,2.188856328,1,0,0,1,0,0,0,0,0,1,1,0,0,0,0,0,1,0,0,0,0,0,1
0,2,0,16,0,0,10.5,2.442347035,1,0,0,1,0,0,0,1,0,0,1,0,0,0,0,0,1,0,0,0,1,0,0
1,1,1,30,0,0,31,3.465735903,1,0,1,0,0,0,1,0,0,0,1,0,0,0,1,0,0,1,0,0,0,0,0
0,3,0,34.5,0,0,6.4375,2.006534771,1,0,0,1,0,0,1,0,0,0,1,0,0,0,1,0,0,0,0,0,0,0,1
0,3,0,17,0,0,8.6625,2.268252414,1,0,0,1,0,0,0,1,0,0,1,0,0,0,0,0,1,0,0,0,0,0,1
0,3,0,42,0,0,7.55,2.145931283,1,0,0,1,0,0,0,0,1,0,1,0,0,0,0,0,1,0,0,0,0,0,1
0,3,0,25,8,2,69.55,4.256321678,11,0,0,1,0,0,0,0,0,1,0,1,0,0,0,0,1,0,0,0,0,0,1
0,3,0,35,0,0,7.8958,2.185579255,1,0,0,1,0,0,1,0,0,0,1,0,0,0,1,0,0,0,0,0,0,0,1
0,2,0,28,0,1,33,3.526360525,2,0,0,0,0,1,0,0,0,1,0,0,0,1,0,0,1,0,0,0,1,0,0
1,1,1,35,1,0,89.1042,4.500966778,2,0,0,0,1,0,1,0,0,0,0,0,0,1,1,0,0,1,0,0,0,0,0
0,3,0,4,4,2,31.275,3.474292937,7,1,0,0,0,0,0,1,0,0,0,0,1,0,0,0,1,0,0,0,0,0,1
0,3,0,74,0,0,7.775,2.171906769,1,0,0,1,0,0,0,0,1,0,1,0,0,0,0,0,1,0,0,0,0,0,1
0,3,1,9,1,1,15.2458,2.787834414,3,0,1,0,0,0,0,1,0,0,0,0,0,1,1,0,0,0,0,0,0,1,0
1,1,1,16,0,1,39.4,3.698829785,2,0,1,0,0,0,0,1,0,0,0,0,0,1,0,0,1,1,0,0,0,0,0
0,2,1,44,1,0,26,3.295836866,2,0,0,0,1,0,0,0,1,0,0,0,0,1,0,0,1,0,0,1,0,0,0
1,3,1,18,0,1,9.35,2.33698652,2,0,0,0,1,0,0,0,0,1,0,0,0,1,0,0,1,0,0,0,0,1,0
1,1,1,45,1,1,164.8667,5.111184454,3,0,0,0,1,0,0,0,1,0,0,0,0,1,0,0,1,1,0,0,0,0,0
1,1,0,51,0,0,26.55,3.316002536,1,0,0,1,0,0,0,0,1,0,1,0,0,0,0,0,1,0,1,0,0,0,0
1,3,1,24,0,3,19.2583,3.008564586,4,0,0,0,1,0,0,0,0,1,0,0,0,1,1,0,0,0,0,0,0,1,0
0,3,0,25,0,0,7.2292,2.107688805,1,0,0,1,0,0,0,0,0,1,1,0,0,0,1,0,0,0,0,0,0,0,1
0,3,0,41,2,0,14.1083,2.715244262,3,0,0,1,0,0,0,0,1,0,0,0,0,1,0,0,1,0,0,0,0,0,1
0,2,0,21,1,0,11.5,2.525728644,2,0,0,1,0,0,0,0,0,1,0,0,0,1,0,0,1,0,0,0,1,0,0
1,1,1,48,0,0,25.9292,3.2932112,1,0,0,0,1,0,0,0,1,0,1,0,0,0,0,0,1,1,0,0,0,0,0
0,3,1,21.5,8,2,69.55,4.256321678,11,0,1,0,0,0,0,0,0,1,0,1,0,0,0,0,1,0,0,0,0,1,0
0,2,0,24,0,0,13,2.63905733,1,0,0,1,0,0,0,0,0,1,1,0,0,0,0,0,1,0,0,0,1,0,0
1,2,1,42,0,0,13,2.63905733,1,0,0,0,1,0,0,0,1,0,1,0,0,0,0,0,1,0,0,1,0,0,0
1,2,1,27,1,0,13.8583,2.698558632,2,0,1,0,0,0,0,0,0,1,0,0,0,1,1,0,0,0,0,1,0,0,0
0,1,0,31,0,0,50.4958,3.941500251,1,0,0,1,0,0,1,0,0,0,1,0,0,0,0,0,1,0,1,0,0,0,0
0,3,0,25,0,0,9.5,2.351375257,1,0,0,1,0,0,0,0,0,1,1,0,0,0,0,0,1,0,0,0,0,0,1
1,3,0,4,1,1,11.1333,2.495953739,3,1,0,0,0,0,0,1,0,0,0,0,0,1,0,0,1,0,0,0,0,0,1
0,3,0,26,0,0,7.8958,2.185579255,1,0,0,1,0,0,0,0,0,1,1,0,0,0,0,0,1,0,0,0,0,0,1
1,1,1,47,1,1,52.5542,3.980694225,3,0,0,0,1,0,0,0,1,0,0,0,0,1,0,0,1,1,0,0,0,0,0
0,1,0,33,0,0,5,1.791759469,1,0,0,1,0,0,1,0,0,0,1,0,0,0,0,0,1,0,1,0,0,0,0
0,3,0,47,0,0,9,2.302585093,1,0,0,1,0,0,0,0,1,0,1,0,0,0,0,0,1,0,0,0,0,0,1
1,2,1,28,1,0,24,3.218875825,2,0,0,0,1,0,0,0,0,1,0,0,0,1,1,0,0,0,0,1,0,0,0
1,3,1,15,0,0,7.225,2.107178297,1,0,1,0,0,0,0,1,0,0,1,0,0,0,1,0,0,0,0,0,0,1,0
0,3,0,20,0,0,9.8458,2.383777908,1,0,0,1,0,0,0,0,0,1,1,0,0,0,0,0,1,0,0,0,0,0,1
0,3,0,19,0,0,7.8958,2.185579255,1,0,0,1,0,0,0,0,0,1,1,0,0,0,0,0,1,0,0,0,0,0,1
0,3,0,25,0,0,7.8958,2.185579255,1,0,0,1,0,0,0,0,0,1,1,0,0,0,0,0,1,0,0,0,0,0,1
1,1,1,56,0,1,83.1583,4.432699549,2,0,0,0,1,0,0,0,1,0,0,0,0,1,1,0,0,1,0,0,0,0,0
1,2,1,25,0,1,26,3.295836866,2,0,0,0,1,0,0,0,0,1,0,0,0,1,0,0,1,0,0,1,0,0,0
0,3,0,33,0,0,7.8958,2.185579255,1,0,0,1,0,0,1,0,0,0,1,0,0,0,0,0,1,0,0,0,0,0,1
0,3,1,22,0,0,10.5167,2.443798156,1,0,1,0,0,0,0,0,0,1,1,0,0,0,0,0,1,0,0,0,0,1,0
0,2,0,28,0,0,10.5,2.442347035,1,0,0,1,0,0,0,0,0,1,1,0,0,0,0,0,1,0,0,0,1,0,0
0,3,0,25,0,0,7.05,2.085672091,1,0,0,1,0,0,0,0,0,1,1,0,0,0,0,0,1,0,0,0,0,0,1
0,3,1,39,0,5,29.125,3.405355392,6,0,0,0,1,0,1,0,0,0,0,0,1,0,0,1,0,0,0,0,0,1,0
0,2,0,27,0,0,13,2.63905733,1,0,0,0,0,1,0,0,0,1,1,0,0,0,0,0,1,0,0,0,1,0,0
1,1,1,19,0,0,30,3.433987204,1,0,1,0,0,0,0,0,0,1,1,0,0,0,0,0,1,1,0,0,0,0,0
0,3,1,21.5,1,2,23.45,3.196630216,4,0,1,0,0,0,0,0,0,1,0,0,0,1,0,0,1,0,0,0,0,1,0
1,1,0,26,0,0,30,3.433987204,1,0,0,1,0,0,0,0,0,1,1,0,0,0,1,0,0,0,1,0,0,0,0
0,3,0,32,0,0,7.75,2.1690537,1,0,0,1,0,0,1,0,0,0,1,0,0,0,0,1,0,0,0,0,0,0,1
